지역구,지역동,업종,점포수,,,,,,,,,,,,,,,,
종로구,청운효자동,커피전문점,73,,,,,,,,,,,,,,,,
종로구,사직동,커피전문점,199,,,,,,,,,,,,,,,,
종로구,삼청동,커피전문점,88,,,,,,,,,,,,,,,,
종로구,부암동,커피전문점,30,,,,,,,,,,,,,,,,
종로구,평창동,커피전문점,28,,,,,,,,,,,,,,,,
종로구,무악동,커피전문점,7,,,,,,,,,,,,,,,,
종로구,교남동,커피전문점,17,,,,,,,,,,,,,,,,
종로구,가회동,커피전문점,59,,,,,,,,,,,,,,,,
종로구,종로1.2.3.4가동,커피전문점,391,,,,,,,,,,,,,,,,
종로구,종로5.6가동,커피전문점,74,,,,,,,,,,,,,,,,
종로구,이화동,커피전문점,108,,,,,,,,,,,,,,,,
종로구,혜화동,커피전문점,140,,,,,,,,,,,,,,,,
종로구,창신1동,커피전문점,16,,,,,,,,,,,,,,,,
종로구,창신2동,커피전문점,9,,,,,,,,,,,,,,,,
종로구,창신3동,커피전문점,9,,,,,,,,,,,,,,,,
종로구,숭인1동,커피전문점,6,,,,,,,,,,,,,,,,
종로구,숭인2동,커피전문점,29,,,,,,,,,,,,,,,,
중구,소공동,커피전문점,167,,,,,,,,,,,,,,,,
중구,회현동,커피전문점,131,,,,,,,,,,,,,,,,
중구,명동,커피전문점,334,,,,,,,,,,,,,,,,
중구,필동,커피전문점,94,,,,,,,,,,,,,,,,
중구,장충동,커피전문점,24,,,,,,,,,,,,,,,,
중구,광희동,커피전문점,109,,,,,,,,,,,,,,,,
중구,을지로동,커피전문점,111,,,,,,,,,,,,,,,,
중구,신당동,커피전문점,60,,,,,,,,,,,,,,,,
중구,다산동,커피전문점,35,,,,,,,,,,,,,,,,
중구,약수동,커피전문점,14,,,,,,,,,,,,,,,,
중구,청구동,커피전문점,16,,,,,,,,,,,,,,,,
중구,신당5동,커피전문점,22,,,,,,,,,,,,,,,,
중구,동화동,커피전문점,18,,,,,,,,,,,,,,,,
중구,황학동,커피전문점,15,,,,,,,,,,,,,,,,
중구,중림동,커피전문점,39,,,,,,,,,,,,,,,,
용산구,후암동,커피전문점,36,,,,,,,,,,,,,,,,
용산구,용산2가동,커피전문점,33,,,,,,,,,,,,,,,,
용산구,남영동,커피전문점,50,,,,,,,,,,,,,,,,
용산구,청파동,커피전문점,69,,,,,,,,,,,,,,,,
용산구,원효로1동,커피전문점,45,,,,,,,,,,,,,,,,
용산구,원효로2동,커피전문점,11,,,,,,,,,,,,,,,,
용산구,효창동,커피전문점,24,,,,,,,,,,,,,,,,
용산구,용문동,커피전문점,11,,,,,,,,,,,,,,,,
용산구,한강로동,커피전문점,127,,,,,,,,,,,,,,,,
용산구,이촌1동,커피전문점,13,,,,,,,,,,,,,,,,
용산구,이촌2동,커피전문점,8,,,,,,,,,,,,,,,,
용산구,이태원1동,커피전문점,52,,,,,,,,,,,,,,,,
용산구,이태원2동,커피전문점,52,,,,,,,,,,,,,,,,
용산구,한남동,커피전문점,106,,,,,,,,,,,,,,,,
용산구,서빙고동,커피전문점,9,,,,,,,,,,,,,,,,
용산구,보광동,커피전문점,15,,,,,,,,,,,,,,,,
성동구,왕십리2동,커피전문점,15,,,,,,,,,,,,,,,,
성동구,왕십리도선동,커피전문점,59,,,,,,,,,,,,,,,,
성동구,마장동,커피전문점,24,,,,,,,,,,,,,,,,
성동구,사근동,커피전문점,81,,,,,,,,,,,,,,,,
성동구,행당1동,커피전문점,41,,,,,,,,,,,,,,,,
성동구,행당2동,커피전문점,18,,,,,,,,,,,,,,,,
성동구,응봉동,커피전문점,6,,,,,,,,,,,,,,,,
성동구,금호1가동,커피전문점,15,,,,,,,,,,,,,,,,
성동구,금호2.3가동,커피전문점,20,,,,,,,,,,,,,,,,
성동구,금호4가동,커피전문점,13,,,,,,,,,,,,,,,,
성동구,옥수동,커피전문점,23,,,,,,,,,,,,,,,,
성동구,성수1가1동,커피전문점,43,,,,,,,,,,,,,,,,
성동구,성수1가2동,커피전문점,112,,,,,,,,,,,,,,,,
성동구,성수2가1동,커피전문점,72,,,,,,,,,,,,,,,,
성동구,성수2가3동,커피전문점,111,,,,,,,,,,,,,,,,
성동구,송정동,커피전문점,8,,,,,,,,,,,,,,,,
성동구,용답동,커피전문점,24,,,,,,,,,,,,,,,,
광진구,화양동,커피전문점,147,,,,,,,,,,,,,,,,
광진구,군자동,커피전문점,62,,,,,,,,,,,,,,,,
광진구,중곡1동,커피전문점,27,,,,,,,,,,,,,,,,
광진구,중곡2동,커피전문점,33,,,,,,,,,,,,,,,,
광진구,중곡3동,커피전문점,35,,,,,,,,,,,,,,,,
광진구,중곡4동,커피전문점,34,,,,,,,,,,,,,,,,
광진구,능동,커피전문점,23,,,,,,,,,,,,,,,,
광진구,광장동,커피전문점,53,,,,,,,,,,,,,,,,
광진구,자양1동,커피전문점,44,,,,,,,,,,,,,,,,
광진구,자양2동,커피전문점,30,,,,,,,,,,,,,,,,
광진구,자양3동,커피전문점,49,,,,,,,,,,,,,,,,
광진구,자양4동,커피전문점,66,,,,,,,,,,,,,,,,
광진구,구의1동,커피전문점,44,,,,,,,,,,,,,,,,
광진구,구의2동,커피전문점,37,,,,,,,,,,,,,,,,
광진구,구의3동,커피전문점,74,,,,,,,,,,,,,,,,
동대문구,용신동,커피전문점,86,,,,,,,,,,,,,,,,
동대문구,제기동,커피전문점,42,,,,,,,,,,,,,,,,
동대문구,전농1동,커피전문점,52,,,,,,,,,,,,,,,,
동대문구,전농2동,커피전문점,26,,,,,,,,,,,,,,,,
동대문구,답십리1동,커피전문점,32,,,,,,,,,,,,,,,,
동대문구,답십리2동,커피전문점,16,,,,,,,,,,,,,,,,
동대문구,장안1동,커피전문점,70,,,,,,,,,,,,,,,,
동대문구,장안2동,커피전문점,58,,,,,,,,,,,,,,,,
동대문구,청량리동,커피전문점,32,,,,,,,,,,,,,,,,
동대문구,회기동,커피전문점,77,,,,,,,,,,,,,,,,
동대문구,휘경1동,커피전문점,23,,,,,,,,,,,,,,,,
동대문구,휘경2동,커피전문점,35,,,,,,,,,,,,,,,,
동대문구,이문1동,커피전문점,58,,,,,,,,,,,,,,,,
동대문구,이문2동,커피전문점,12,,,,,,,,,,,,,,,,
중랑구,면목2동,커피전문점,25,,,,,,,,,,,,,,,,
중랑구,면목4동,커피전문점,26,,,,,,,,,,,,,,,,
중랑구,면목5동,커피전문점,8,,,,,,,,,,,,,,,,
중랑구,면목본동,커피전문점,42,,,,,,,,,,,,,,,,
중랑구,면목7동,커피전문점,20,,,,,,,,,,,,,,,,
중랑구,면목3.8동,커피전문점,45,,,,,,,,,,,,,,,,
중랑구,상봉1동,커피전문점,27,,,,,,,,,,,,,,,,
중랑구,상봉2동,커피전문점,50,,,,,,,,,,,,,,,,
중랑구,중화1동,커피전문점,20,,,,,,,,,,,,,,,,
중랑구,중화2동,커피전문점,27,,,,,,,,,,,,,,,,
중랑구,묵1동,커피전문점,35,,,,,,,,,,,,,,,,
중랑구,묵2동,커피전문점,21,,,,,,,,,,,,,,,,
중랑구,망우본동,커피전문점,48,,,,,,,,,,,,,,,,
중랑구,망우3동,커피전문점,14,,,,,,,,,,,,,,,,
중랑구,신내1동,커피전문점,42,,,,,,,,,,,,,,,,
중랑구,신내2동,커피전문점,13,,,,,,,,,,,,,,,,
성북구,성북동,커피전문점,43,,,,,,,,,,,,,,,,
성북구,삼선동,커피전문점,81,,,,,,,,,,,,,,,,
성북구,동선동,커피전문점,106,,,,,,,,,,,,,,,,
성북구,돈암1동,커피전문점,2,,,,,,,,,,,,,,,,
성북구,돈암2동,커피전문점,1,,,,,,,,,,,,,,,,
성북구,안암동,커피전문점,97,,,,,,,,,,,,,,,,
성북구,보문동,커피전문점,25,,,,,,,,,,,,,,,,
성북구,정릉1동,커피전문점,17,,,,,,,,,,,,,,,,
성북구,정릉2동,커피전문점,21,,,,,,,,,,,,,,,,
성북구,정릉3동,커피전문점,19,,,,,,,,,,,,,,,,
성북구,정릉4동,커피전문점,24,,,,,,,,,,,,,,,,
성북구,길음1동,커피전문점,26,,,,,,,,,,,,,,,,
성북구,길음2동,커피전문점,23,,,,,,,,,,,,,,,,
성북구,종암동,커피전문점,41,,,,,,,,,,,,,,,,
성북구,월곡1동,커피전문점,29,,,,,,,,,,,,,,,,
성북구,월곡2동,커피전문점,54,,,,,,,,,,,,,,,,
성북구,장위1동,커피전문점,17,,,,,,,,,,,,,,,,
성북구,장위2동,커피전문점,16,,,,,,,,,,,,,,,,
성북구,장위3동,커피전문점,9,,,,,,,,,,,,,,,,
성북구,석관동,커피전문점,31,,,,,,,,,,,,,,,,
강북구,삼양동,커피전문점,16,,,,,,,,,,,,,,,,
강북구,미아동,커피전문점,42,,,,,,,,,,,,,,,,
강북구,송중동,커피전문점,54,,,,,,,,,,,,,,,,
강북구,송천동,커피전문점,41,,,,,,,,,,,,,,,,
강북구,삼각산동,커피전문점,19,,,,,,,,,,,,,,,,
강북구,번1동,커피전문점,46,,,,,,,,,,,,,,,,
강북구,번2동,커피전문점,10,,,,,,,,,,,,,,,,
강북구,번3동,커피전문점,13,,,,,,,,,,,,,,,,
강북구,수유1동,커피전문점,25,,,,,,,,,,,,,,,,
강북구,수유2동,커피전문점,24,,,,,,,,,,,,,,,,
강북구,수유3동,커피전문점,66,,,,,,,,,,,,,,,,
강북구,우이동,커피전문점,54,,,,,,,,,,,,,,,,
강북구,인수동,커피전문점,44,,,,,,,,,,,,,,,,
도봉구,창1동,커피전문점,27,,,,,,,,,,,,,,,,
도봉구,창2동,커피전문점,19,,,,,,,,,,,,,,,,
도봉구,창3동,커피전문점,12,,,,,,,,,,,,,,,,
도봉구,창4동,커피전문점,21,,,,,,,,,,,,,,,,
도봉구,창5동,커피전문점,44,,,,,,,,,,,,,,,,
도봉구,도봉1동,커피전문점,29,,,,,,,,,,,,,,,,
도봉구,도봉2동,커피전문점,27,,,,,,,,,,,,,,,,
도봉구,쌍문1동,커피전문점,31,,,,,,,,,,,,,,,,
도봉구,쌍문2동,커피전문점,20,,,,,,,,,,,,,,,,
도봉구,쌍문3동,커피전문점,25,,,,,,,,,,,,,,,,
도봉구,쌍문4동,커피전문점,8,,,,,,,,,,,,,,,,
도봉구,방학1동,커피전문점,49,,,,,,,,,,,,,,,,
도봉구,방학2동,커피전문점,13,,,,,,,,,,,,,,,,
도봉구,방학3동,커피전문점,16,,,,,,,,,,,,,,,,
노원구,월계1동,커피전문점,49,,,,,,,,,,,,,,,,
노원구,월계2동,커피전문점,16,,,,,,,,,,,,,,,,
노원구,월계3동,커피전문점,17,,,,,,,,,,,,,,,,
노원구,공릉1동,커피전문점,94,,,,,,,,,,,,,,,,
노원구,공릉2동,커피전문점,83,,,,,,,,,,,,,,,,
노원구,하계1동,커피전문점,28,,,,,,,,,,,,,,,,
노원구,하계2동,커피전문점,4,,,,,,,,,,,,,,,,
노원구,중계본동,커피전문점,35,,,,,,,,,,,,,,,,
노원구,중계1동,커피전문점,25,,,,,,,,,,,,,,,,
노원구,중계4동,커피전문점,27,,,,,,,,,,,,,,,,
노원구,중계2.3동,커피전문점,25,,,,,,,,,,,,,,,,
노원구,상계1동,커피전문점,50,,,,,,,,,,,,,,,,
노원구,상계2동,커피전문점,81,,,,,,,,,,,,,,,,
노원구,상계3.4동,커피전문점,25,,,,,,,,,,,,,,,,
노원구,상계5동,커피전문점,23,,,,,,,,,,,,,,,,
노원구,상계6.7동,커피전문점,42,,,,,,,,,,,,,,,,
노원구,상계8동,커피전문점,9,,,,,,,,,,,,,,,,
노원구,상계9동,커피전문점,8,,,,,,,,,,,,,,,,
노원구,상계10동,커피전문점,10,,,,,,,,,,,,,,,,
은평구,녹번동,커피전문점,53,,,,,,,,,,,,,,,,
은평구,불광1동,커피전문점,31,,,,,,,,,,,,,,,,
은평구,불광2동,커피전문점,26,,,,,,,,,,,,,,,,
은평구,갈현1동,커피전문점,42,,,,,,,,,,,,,,,,
은평구,갈현2동,커피전문점,50,,,,,,,,,,,,,,,,
은평구,구산동,커피전문점,25,,,,,,,,,,,,,,,,
은평구,대조동,커피전문점,70,,,,,,,,,,,,,,,,
은평구,응암1동,커피전문점,44,,,,,,,,,,,,,,,,
은평구,응암2동,커피전문점,15,,,,,,,,,,,,,,,,
은평구,응암3동,커피전문점,45,,,,,,,,,,,,,,,,
은평구,역촌동,커피전문점,67,,,,,,,,,,,,,,,,
은평구,신사1동,커피전문점,31,,,,,,,,,,,,,,,,
은평구,신사2동,커피전문점,17,,,,,,,,,,,,,,,,
은평구,증산동,커피전문점,16,,,,,,,,,,,,,,,,
은평구,수색동,커피전문점,4,,,,,,,,,,,,,,,,
은평구,진관동,커피전문점,81,,,,,,,,,,,,,,,,
서대문구,천연동,커피전문점,24,,,,,,,,,,,,,,,,
서대문구,북아현동,커피전문점,14,,,,,,,,,,,,,,,,
서대문구,충현동,커피전문점,84,,,,,,,,,,,,,,,,
서대문구,신촌동,커피전문점,246,,,,,,,,,,,,,,,,
서대문구,연희동,커피전문점,97,,,,,,,,,,,,,,,,
서대문구,홍제1동,커피전문점,23,,,,,,,,,,,,,,,,
서대문구,홍제3동,커피전문점,26,,,,,,,,,,,,,,,,
서대문구,홍제2동,커피전문점,11,,,,,,,,,,,,,,,,
서대문구,홍은1동,커피전문점,19,,,,,,,,,,,,,,,,
서대문구,홍은2동,커피전문점,33,,,,,,,,,,,,,,,,
서대문구,남가좌1동,커피전문점,17,,,,,,,,,,,,,,,,
서대문구,남가좌2동,커피전문점,48,,,,,,,,,,,,,,,,
서대문구,북가좌1동,커피전문점,7,,,,,,,,,,,,,,,,
서대문구,북가좌2동,커피전문점,30,,,,,,,,,,,,,,,,
마포구,아현동,커피전문점,83,,,,,,,,,,,,,,,,
마포구,공덕동,커피전문점,38,,,,,,,,,,,,,,,,
마포구,도화동,커피전문점,54,,,,,,,,,,,,,,,,
마포구,용강동,커피전문점,58,,,,,,,,,,,,,,,,
마포구,대흥동,커피전문점,69,,,,,,,,,,,,,,,,
마포구,염리동,커피전문점,30,,,,,,,,,,,,,,,,
마포구,신수동,커피전문점,35,,,,,,,,,,,,,,,,
마포구,서강동,커피전문점,112,,,,,,,,,,,,,,,,
마포구,서교동,커피전문점,613,,,,,,,,,,,,,,,,
마포구,합정동,커피전문점,133,,,,,,,,,,,,,,,,
마포구,망원1동,커피전문점,92,,,,,,,,,,,,,,,,
마포구,망원2동,커피전문점,51,,,,,,,,,,,,,,,,
마포구,연남동,커피전문점,198,,,,,,,,,,,,,,,,
마포구,성산1동,커피전문점,61,,,,,,,,,,,,,,,,
마포구,성산2동,커피전문점,40,,,,,,,,,,,,,,,,
마포구,상암동,커피전문점,170,,,,,,,,,,,,,,,,
양천구,목1동,커피전문점,108,,,,,,,,,,,,,,,,
양천구,목2동,커피전문점,35,,,,,,,,,,,,,,,,
양천구,목3동,커피전문점,27,,,,,,,,,,,,,,,,
양천구,목4동,커피전문점,30,,,,,,,,,,,,,,,,
양천구,목5동,커피전문점,29,,,,,,,,,,,,,,,,
양천구,신월1동,커피전문점,19,,,,,,,,,,,,,,,,
양천구,신월2동,커피전문점,17,,,,,,,,,,,,,,,,
양천구,신월3동,커피전문점,17,,,,,,,,,,,,,,,,
양천구,신월4동,커피전문점,15,,,,,,,,,,,,,,,,
양천구,신월5동,커피전문점,19,,,,,,,,,,,,,,,,
양천구,신월6동,커피전문점,11,,,,,,,,,,,,,,,,
양천구,신월7동,커피전문점,18,,,,,,,,,,,,,,,,
양천구,신정1동,커피전문점,29,,,,,,,,,,,,,,,,
양천구,신정2동,커피전문점,32,,,,,,,,,,,,,,,,
양천구,신정3동,커피전문점,28,,,,,,,,,,,,,,,,
양천구,신정4동,커피전문점,71,,,,,,,,,,,,,,,,
양천구,신정6동,커피전문점,15,,,,,,,,,,,,,,,,
양천구,신정7동,커피전문점,20,,,,,,,,,,,,,,,,
강서구,염창동,커피전문점,54,,,,,,,,,,,,,,,,
강서구,등촌1동,커피전문점,51,,,,,,,,,,,,,,,,
강서구,등촌2동,커피전문점,27,,,,,,,,,,,,,,,,
강서구,등촌3동,커피전문점,56,,,,,,,,,,,,,,,,
강서구,화곡1동,커피전문점,59,,,,,,,,,,,,,,,,
강서구,화곡2동,커피전문점,10,,,,,,,,,,,,,,,,
강서구,화곡3동,커피전문점,32,,,,,,,,,,,,,,,,
강서구,화곡4동,커피전문점,21,,,,,,,,,,,,,,,,
강서구,화곡본동,커피전문점,26,,,,,,,,,,,,,,,,
강서구,화곡6동,커피전문점,39,,,,,,,,,,,,,,,,
강서구,화곡8동,커피전문점,23,,,,,,,,,,,,,,,,
강서구,가양1동,커피전문점,206,,,,,,,,,,,,,,,,
강서구,가양2동,커피전문점,2,,,,,,,,,,,,,,,,
강서구,가양3동,커피전문점,10,,,,,,,,,,,,,,,,
강서구,발산1동,커피전문점,85,,,,,,,,,,,,,,,,
강서구,우장산동,커피전문점,37,,,,,,,,,,,,,,,,
강서구,공항동,커피전문점,48,,,,,,,,,,,,,,,,
강서구,방화1동,커피전문점,47,,,,,,,,,,,,,,,,
강서구,방화2동,커피전문점,36,,,,,,,,,,,,,,,,
강서구,방화3동,커피전문점,18,,,,,,,,,,,,,,,,
구로구,신도림동,커피전문점,47,,,,,,,,,,,,,,,,
구로구,구로1동,커피전문점,11,,,,,,,,,,,,,,,,
구로구,구로2동,커피전문점,60,,,,,,,,,,,,,,,,
구로구,구로3동,커피전문점,134,,,,,,,,,,,,,,,,
구로구,구로4동,커피전문점,25,,,,,,,,,,,,,,,,
구로구,구로5동,커피전문점,68,,,,,,,,,,,,,,,,
구로구,가리봉동,커피전문점,9,,,,,,,,,,,,,,,,
구로구,고척1동,커피전문점,34,,,,,,,,,,,,,,,,
구로구,고척2동,커피전문점,23,,,,,,,,,,,,,,,,
구로구,개봉1동,커피전문점,33,,,,,,,,,,,,,,,,
구로구,개봉2동,커피전문점,22,,,,,,,,,,,,,,,,
구로구,개봉3동,커피전문점,22,,,,,,,,,,,,,,,,
구로구,오류1동,커피전문점,13,,,,,,,,,,,,,,,,
구로구,오류2동,커피전문점,37,,,,,,,,,,,,,,,,
구로구,수궁동,커피전문점,20,,,,,,,,,,,,,,,,
금천구,가산동,커피전문점,263,,,,,,,,,,,,,,,,
금천구,독산1동,커피전문점,59,,,,,,,,,,,,,,,,
금천구,독산2동,커피전문점,18,,,,,,,,,,,,,,,,
금천구,독산3동,커피전문점,23,,,,,,,,,,,,,,,,
금천구,독산4동,커피전문점,20,,,,,,,,,,,,,,,,
금천구,시흥1동,커피전문점,54,,,,,,,,,,,,,,,,
금천구,시흥2동,커피전문점,13,,,,,,,,,,,,,,,,
금천구,시흥3동,커피전문점,10,,,,,,,,,,,,,,,,
금천구,시흥4동,커피전문점,10,,,,,,,,,,,,,,,,
금천구,시흥5동,커피전문점,15,,,,,,,,,,,,,,,,
영등포구,영등포본동,커피전문점,40,,,,,,,,,,,,,,,,
영등포구,영등포동,커피전문점,130,,,,,,,,,,,,,,,,
영등포구,여의동,커피전문점,316,,,,,,,,,,,,,,,,
영등포구,당산1동,커피전문점,80,,,,,,,,,,,,,,,,
영등포구,당산2동,커피전문점,89,,,,,,,,,,,,,,,,
영등포구,도림동,커피전문점,28,,,,,,,,,,,,,,,,
영등포구,문래동,커피전문점,112,,,,,,,,,,,,,,,,
영등포구,양평1동,커피전문점,59,,,,,,,,,,,,,,,,
영등포구,양평2동,커피전문점,75,,,,,,,,,,,,,,,,
영등포구,신길1동,커피전문점,23,,,,,,,,,,,,,,,,
영등포구,신길3동,커피전문점,18,,,,,,,,,,,,,,,,
영등포구,신길4동,커피전문점,9,,,,,,,,,,,,,,,,
영등포구,신길5동,커피전문점,8,,,,,,,,,,,,,,,,
영등포구,신길6동,커피전문점,34,,,,,,,,,,,,,,,,
영등포구,신길7동,커피전문점,21,,,,,,,,,,,,,,,,
영등포구,대림1동,커피전문점,14,,,,,,,,,,,,,,,,
영등포구,대림2동,커피전문점,21,,,,,,,,,,,,,,,,
영등포구,대림3동,커피전문점,31,,,,,,,,,,,,,,,,
동작구,노량진1동,커피전문점,104,,,,,,,,,,,,,,,,
동작구,노량진2동,커피전문점,41,,,,,,,,,,,,,,,,
동작구,상도1동,커피전문점,84,,,,,,,,,,,,,,,,
동작구,상도2동,커피전문점,29,,,,,,,,,,,,,,,,
동작구,상도3동,커피전문점,22,,,,,,,,,,,,,,,,
동작구,상도4동,커피전문점,28,,,,,,,,,,,,,,,,
동작구,흑석동,커피전문점,66,,,,,,,,,,,,,,,,
동작구,사당1동,커피전문점,58,,,,,,,,,,,,,,,,
동작구,사당2동,커피전문점,44,,,,,,,,,,,,,,,,
동작구,사당3동,커피전문점,29,,,,,,,,,,,,,,,,
동작구,사당4동,커피전문점,13,,,,,,,,,,,,,,,,
동작구,사당5동,커피전문점,16,,,,,,,,,,,,,,,,
동작구,대방동,커피전문점,40,,,,,,,,,,,,,,,,
동작구,신대방1동,커피전문점,18,,,,,,,,,,,,,,,,
동작구,신대방2동,커피전문점,42,,,,,,,,,,,,,,,,
관악구,보라매동,커피전문점,28,,,,,,,,,,,,,,,,
관악구,청림동,커피전문점,12,,,,,,,,,,,,,,,,
관악구,성현동,커피전문점,12,,,,,,,,,,,,,,,,
관악구,행운동,커피전문점,45,,,,,,,,,,,,,,,,
관악구,낙성대동,커피전문점,78,,,,,,,,,,,,,,,,
관악구,청룡동,커피전문점,68,,,,,,,,,,,,,,,,
관악구,은천동,커피전문점,28,,,,,,,,,,,,,,,,
관악구,중앙동,커피전문점,28,,,,,,,,,,,,,,,,
관악구,인헌동,커피전문점,33,,,,,,,,,,,,,,,,
관악구,남현동,커피전문점,32,,,,,,,,,,,,,,,,
관악구,서원동,커피전문점,46,,,,,,,,,,,,,,,,
관악구,신원동,커피전문점,11,,,,,,,,,,,,,,,,
관악구,서림동,커피전문점,26,,,,,,,,,,,,,,,,
관악구,신사동,커피전문점,30,,,,,,,,,,,,,,,,
관악구,신림동,커피전문점,57,,,,,,,,,,,,,,,,
관악구,난향동,커피전문점,5,,,,,,,,,,,,,,,,
관악구,조원동,커피전문점,40,,,,,,,,,,,,,,,,
관악구,대학동,커피전문점,89,,,,,,,,,,,,,,,,
관악구,삼성동,커피전문점,8,,,,,,,,,,,,,,,,
관악구,미성동,커피전문점,26,,,,,,,,,,,,,,,,
관악구,난곡동,커피전문점,12,,,,,,,,,,,,,,,,
서초구,서초1동,커피전문점,106,,,,,,,,,,,,,,,,
서초구,서초2동,커피전문점,118,,,,,,,,,,,,,,,,
서초구,서초3동,커피전문점,238,,,,,,,,,,,,,,,,
서초구,서초4동,커피전문점,96,,,,,,,,,,,,,,,,
서초구,잠원동,커피전문점,72,,,,,,,,,,,,,,,,
서초구,반포본동,커피전문점,16,,,,,,,,,,,,,,,,
서초구,반포1동,커피전문점,67,,,,,,,,,,,,,,,,
서초구,반포2동,커피전문점,8,,,,,,,,,,,,,,,,
서초구,반포3동,커피전문점,23,,,,,,,,,,,,,,,,
서초구,반포4동,커피전문점,111,,,,,,,,,,,,,,,,
서초구,방배본동,커피전문점,57,,,,,,,,,,,,,,,,
서초구,방배1동,커피전문점,53,,,,,,,,,,,,,,,,
서초구,방배2동,커피전문점,58,,,,,,,,,,,,,,,,
서초구,방배3동,커피전문점,31,,,,,,,,,,,,,,,,
서초구,방배4동,커피전문점,61,,,,,,,,,,,,,,,,
서초구,양재1동,커피전문점,132,,,,,,,,,,,,,,,,
서초구,양재2동,커피전문점,122,,,,,,,,,,,,,,,,
서초구,내곡동,커피전문점,22,,,,,,,,,,,,,,,,
강남구,신사동,커피전문점,219,,,,,,,,,,,,,,,,
강남구,논현1동,커피전문점,158,,,,,,,,,,,,,,,,
강남구,논현2동,커피전문점,203,,,,,,,,,,,,,,,,
강남구,압구정동,커피전문점,166,,,,,,,,,,,,,,,,
강남구,청담동,커피전문점,137,,,,,,,,,,,,,,,,
강남구,삼성1동,커피전문점,168,,,,,,,,,,,,,,,,
강남구,삼성2동,커피전문점,118,,,,,,,,,,,,,,,,
강남구,대치1동,커피전문점,29,,,,,,,,,,,,,,,,
강남구,대치2동,커피전문점,133,,,,,,,,,,,,,,,,
강남구,대치4동,커피전문점,149,,,,,,,,,,,,,,,,
강남구,역삼1동,커피전문점,535,,,,,,,,,,,,,,,,
강남구,역삼2동,커피전문점,125,,,,,,,,,,,,,,,,
강남구,도곡1동,커피전문점,54,,,,,,,,,,,,,,,,
강남구,도곡2동,커피전문점,46,,,,,,,,,,,,,,,,
강남구,개포1동,커피전문점,3,,,,,,,,,,,,,,,,
강남구,개포2동,커피전문점,19,,,,,,,,,,,,,,,,
강남구,개포4동,커피전문점,35,,,,,,,,,,,,,,,,
강남구,세곡동,커피전문점,45,,,,,,,,,,,,,,,,
강남구,일원본동,커피전문점,15,,,,,,,,,,,,,,,,
강남구,일원1동,커피전문점,26,,,,,,,,,,,,,,,,
강남구,일원2동,커피전문점,11,,,,,,,,,,,,,,,,
강남구,수서동,커피전문점,36,,,,,,,,,,,,,,,,
송파구,풍납1동,커피전문점,11,,,,,,,,,,,,,,,,
송파구,풍납2동,커피전문점,24,,,,,,,,,,,,,,,,
송파구,거여1동,커피전문점,21,,,,,,,,,,,,,,,,
송파구,거여2동,커피전문점,12,,,,,,,,,,,,,,,,
송파구,마천1동,커피전문점,13,,,,,,,,,,,,,,,,
송파구,마천2동,커피전문점,20,,,,,,,,,,,,,,,,
송파구,방이1동,커피전문점,59,,,,,,,,,,,,,,,,
송파구,방이2동,커피전문점,66,,,,,,,,,,,,,,,,
송파구,오륜동,커피전문점,21,,,,,,,,,,,,,,,,
송파구,오금동,커피전문점,70,,,,,,,,,,,,,,,,
송파구,송파1동,커피전문점,112,,,,,,,,,,,,,,,,
송파구,송파2동,커피전문점,26,,,,,,,,,,,,,,,,
송파구,석촌동,커피전문점,89,,,,,,,,,,,,,,,,
송파구,삼전동,커피전문점,72,,,,,,,,,,,,,,,,
송파구,가락본동,커피전문점,87,,,,,,,,,,,,,,,,
송파구,가락1동,커피전문점,22,,,,,,,,,,,,,,,,
송파구,가락2동,커피전문점,46,,,,,,,,,,,,,,,,
송파구,문정1동,커피전문점,35,,,,,,,,,,,,,,,,
송파구,문정2동,커피전문점,217,,,,,,,,,,,,,,,,
송파구,장지동,커피전문점,42,,,,,,,,,,,,,,,,
송파구,위례동,커피전문점,29,,,,,,,,,,,,,,,,
송파구,잠실본동,커피전문점,88,,,,,,,,,,,,,,,,
송파구,잠실2동,커피전문점,26,,,,,,,,,,,,,,,,
송파구,잠실3동,커피전문점,45,,,,,,,,,,,,,,,,
송파구,잠실4동,커피전문점,13,,,,,,,,,,,,,,,,
송파구,잠실6동,커피전문점,71,,,,,,,,,,,,,,,,
송파구,잠실7동,커피전문점,5,,,,,,,,,,,,,,,,
강동구,강일동,커피전문점,17,,,,,,,,,,,,,,,,
강동구,상일동,커피전문점,33,,,,,,,,,,,,,,,,
강동구,명일1동,커피전문점,60,,,,,,,,,,,,,,,,
강동구,명일2동,커피전문점,32,,,,,,,,,,,,,,,,
강동구,고덕1동,커피전문점,20,,,,,,,,,,,,,,,,
강동구,고덕2동,커피전문점,15,,,,,,,,,,,,,,,,
강동구,암사1동,커피전문점,40,,,,,,,,,,,,,,,,
강동구,암사2동,커피전문점,25,,,,,,,,,,,,,,,,
강동구,암사3동,커피전문점,10,,,,,,,,,,,,,,,,
강동구,천호1동,커피전문점,29,,,,,,,,,,,,,,,,
강동구,천호2동,커피전문점,77,,,,,,,,,,,,,,,,
강동구,천호3동,커피전문점,38,,,,,,,,,,,,,,,,
강동구,성내1동,커피전문점,67,,,,,,,,,,,,,,,,
강동구,성내2동,커피전문점,56,,,,,,,,,,,,,,,,
강동구,성내3동,커피전문점,81,,,,,,,,,,,,,,,,
강동구,길동,커피전문점,78,,,,,,,,,,,,,,,,
강동구,둔촌1동,커피전문점,1,,,,,,,,,,,,,,,,
강동구,둔촌2동,커피전문점,48,,,,,,,,,,,,,,,,
종로구,청운효자동,주점,13,,,,,,,,,,,,,,,,
종로구,사직동,주점,74,,,,,,,,,,,,,,,,
종로구,삼청동,주점,4,,,,,,,,,,,,,,,,
종로구,부암동,주점,8,,,,,,,,,,,,,,,,
종로구,평창동,주점,25,,,,,,,,,,,,,,,,
종로구,무악동,주점,0,,,,,,,,,,,,,,,,
종로구,교남동,주점,2,,,,,,,,,,,,,,,,
종로구,가회동,주점,11,,,,,,,,,,,,,,,,
종로구,종로1.2.3.4가동,주점,273,,,,,,,,,,,,,,,,
종로구,종로5.6가동,주점,38,,,,,,,,,,,,,,,,
종로구,이화동,주점,29,,,,,,,,,,,,,,,,
종로구,혜화동,주점,79,,,,,,,,,,,,,,,,
종로구,창신1동,주점,23,,,,,,,,,,,,,,,,
종로구,창신2동,주점,14,,,,,,,,,,,,,,,,
종로구,창신3동,주점,2,,,,,,,,,,,,,,,,
종로구,숭인1동,주점,4,,,,,,,,,,,,,,,,
종로구,숭인2동,주점,31,,,,,,,,,,,,,,,,
중구,소공동,주점,35,,,,,,,,,,,,,,,,
중구,회현동,주점,25,,,,,,,,,,,,,,,,
중구,명동,주점,74,,,,,,,,,,,,,,,,
중구,필동,주점,57,,,,,,,,,,,,,,,,
중구,장충동,주점,7,,,,,,,,,,,,,,,,
중구,광희동,주점,61,,,,,,,,,,,,,,,,
중구,을지로동,주점,69,,,,,,,,,,,,,,,,
중구,신당동,주점,27,,,,,,,,,,,,,,,,
중구,다산동,주점,27,,,,,,,,,,,,,,,,
중구,약수동,주점,15,,,,,,,,,,,,,,,,
중구,청구동,주점,11,,,,,,,,,,,,,,,,
중구,신당5동,주점,42,,,,,,,,,,,,,,,,
중구,동화동,주점,10,,,,,,,,,,,,,,,,
중구,황학동,주점,17,,,,,,,,,,,,,,,,
중구,중림동,주점,23,,,,,,,,,,,,,,,,
용산구,후암동,주점,11,,,,,,,,,,,,,,,,
용산구,용산2가동,주점,23,,,,,,,,,,,,,,,,
용산구,남영동,주점,44,,,,,,,,,,,,,,,,
용산구,청파동,주점,37,,,,,,,,,,,,,,,,
용산구,원효로1동,주점,38,,,,,,,,,,,,,,,,
용산구,원효로2동,주점,10,,,,,,,,,,,,,,,,
용산구,효창동,주점,2,,,,,,,,,,,,,,,,
용산구,용문동,주점,14,,,,,,,,,,,,,,,,
용산구,한강로동,주점,48,,,,,,,,,,,,,,,,
용산구,이촌1동,주점,15,,,,,,,,,,,,,,,,
용산구,이촌2동,주점,2,,,,,,,,,,,,,,,,
용산구,이태원1동,주점,112,,,,,,,,,,,,,,,,
용산구,이태원2동,주점,43,,,,,,,,,,,,,,,,
용산구,한남동,주점,63,,,,,,,,,,,,,,,,
용산구,서빙고동,주점,0,,,,,,,,,,,,,,,,
용산구,보광동,주점,24,,,,,,,,,,,,,,,,
성동구,왕십리2동,주점,10,,,,,,,,,,,,,,,,
성동구,왕십리도선동,주점,44,,,,,,,,,,,,,,,,
성동구,마장동,주점,24,,,,,,,,,,,,,,,,
성동구,사근동,주점,51,,,,,,,,,,,,,,,,
성동구,행당1동,주점,20,,,,,,,,,,,,,,,,
성동구,행당2동,주점,1,,,,,,,,,,,,,,,,
성동구,응봉동,주점,3,,,,,,,,,,,,,,,,
성동구,금호1가동,주점,6,,,,,,,,,,,,,,,,
성동구,금호2.3가동,주점,20,,,,,,,,,,,,,,,,
성동구,금호4가동,주점,18,,,,,,,,,,,,,,,,
성동구,옥수동,주점,6,,,,,,,,,,,,,,,,
성동구,성수1가1동,주점,13,,,,,,,,,,,,,,,,
성동구,성수1가2동,주점,21,,,,,,,,,,,,,,,,
성동구,성수2가1동,주점,40,,,,,,,,,,,,,,,,
성동구,성수2가3동,주점,25,,,,,,,,,,,,,,,,
성동구,송정동,주점,6,,,,,,,,,,,,,,,,
성동구,용답동,주점,23,,,,,,,,,,,,,,,,
광진구,화양동,주점,208,,,,,,,,,,,,,,,,
광진구,군자동,주점,47,,,,,,,,,,,,,,,,
광진구,중곡1동,주점,44,,,,,,,,,,,,,,,,
광진구,중곡2동,주점,33,,,,,,,,,,,,,,,,
광진구,중곡3동,주점,46,,,,,,,,,,,,,,,,
광진구,중곡4동,주점,35,,,,,,,,,,,,,,,,
광진구,능동,주점,23,,,,,,,,,,,,,,,,
광진구,광장동,주점,15,,,,,,,,,,,,,,,,
광진구,자양1동,주점,21,,,,,,,,,,,,,,,,
광진구,자양2동,주점,28,,,,,,,,,,,,,,,,
광진구,자양3동,주점,17,,,,,,,,,,,,,,,,
광진구,자양4동,주점,38,,,,,,,,,,,,,,,,
광진구,구의1동,주점,58,,,,,,,,,,,,,,,,
광진구,구의2동,주점,22,,,,,,,,,,,,,,,,
광진구,구의3동,주점,24,,,,,,,,,,,,,,,,
동대문구,용신동,주점,57,,,,,,,,,,,,,,,,
동대문구,제기동,주점,57,,,,,,,,,,,,,,,,
동대문구,전농1동,주점,43,,,,,,,,,,,,,,,,
동대문구,전농2동,주점,17,,,,,,,,,,,,,,,,
동대문구,답십리1동,주점,24,,,,,,,,,,,,,,,,
동대문구,답십리2동,주점,25,,,,,,,,,,,,,,,,
동대문구,장안1동,주점,77,,,,,,,,,,,,,,,,
동대문구,장안2동,주점,60,,,,,,,,,,,,,,,,
동대문구,청량리동,주점,33,,,,,,,,,,,,,,,,
동대문구,회기동,주점,54,,,,,,,,,,,,,,,,
동대문구,휘경1동,주점,21,,,,,,,,,,,,,,,,
동대문구,휘경2동,주점,6,,,,,,,,,,,,,,,,
동대문구,이문1동,주점,50,,,,,,,,,,,,,,,,
동대문구,이문2동,주점,14,,,,,,,,,,,,,,,,
중랑구,면목2동,주점,32,,,,,,,,,,,,,,,,
중랑구,면목4동,주점,22,,,,,,,,,,,,,,,,
중랑구,면목5동,주점,12,,,,,,,,,,,,,,,,
중랑구,면목본동,주점,65,,,,,,,,,,,,,,,,
중랑구,면목7동,주점,32,,,,,,,,,,,,,,,,
중랑구,면목3.8동,주점,66,,,,,,,,,,,,,,,,
중랑구,상봉1동,주점,10,,,,,,,,,,,,,,,,
중랑구,상봉2동,주점,83,,,,,,,,,,,,,,,,
중랑구,중화1동,주점,8,,,,,,,,,,,,,,,,
중랑구,중화2동,주점,71,,,,,,,,,,,,,,,,
중랑구,묵1동,주점,28,,,,,,,,,,,,,,,,
중랑구,묵2동,주점,42,,,,,,,,,,,,,,,,
중랑구,망우본동,주점,77,,,,,,,,,,,,,,,,
중랑구,망우3동,주점,13,,,,,,,,,,,,,,,,
중랑구,신내1동,주점,26,,,,,,,,,,,,,,,,
중랑구,신내2동,주점,16,,,,,,,,,,,,,,,,
성북구,성북동,주점,14,,,,,,,,,,,,,,,,
성북구,삼선동,주점,66,,,,,,,,,,,,,,,,
성북구,동선동,주점,69,,,,,,,,,,,,,,,,
성북구,돈암1동,주점,5,,,,,,,,,,,,,,,,
성북구,돈암2동,주점,0,,,,,,,,,,,,,,,,
성북구,안암동,주점,53,,,,,,,,,,,,,,,,
성북구,보문동,주점,16,,,,,,,,,,,,,,,,
성북구,정릉1동,주점,12,,,,,,,,,,,,,,,,
성북구,정릉2동,주점,16,,,,,,,,,,,,,,,,
성북구,정릉3동,주점,22,,,,,,,,,,,,,,,,
성북구,정릉4동,주점,19,,,,,,,,,,,,,,,,
성북구,길음1동,주점,25,,,,,,,,,,,,,,,,
성북구,길음2동,주점,10,,,,,,,,,,,,,,,,
성북구,종암동,주점,35,,,,,,,,,,,,,,,,
성북구,월곡1동,주점,15,,,,,,,,,,,,,,,,
성북구,월곡2동,주점,27,,,,,,,,,,,,,,,,
성북구,장위1동,주점,28,,,,,,,,,,,,,,,,
성북구,장위2동,주점,38,,,,,,,,,,,,,,,,
성북구,장위3동,주점,10,,,,,,,,,,,,,,,,
성북구,석관동,주점,58,,,,,,,,,,,,,,,,
강북구,삼양동,주점,22,,,,,,,,,,,,,,,,
강북구,미아동,주점,59,,,,,,,,,,,,,,,,
강북구,송중동,주점,88,,,,,,,,,,,,,,,,
강북구,송천동,주점,62,,,,,,,,,,,,,,,,
강북구,삼각산동,주점,16,,,,,,,,,,,,,,,,
강북구,번1동,주점,57,,,,,,,,,,,,,,,,
강북구,번2동,주점,12,,,,,,,,,,,,,,,,
강북구,번3동,주점,8,,,,,,,,,,,,,,,,
강북구,수유1동,주점,25,,,,,,,,,,,,,,,,
강북구,수유2동,주점,28,,,,,,,,,,,,,,,,
강북구,수유3동,주점,158,,,,,,,,,,,,,,,,
강북구,우이동,주점,45,,,,,,,,,,,,,,,,
강북구,인수동,주점,26,,,,,,,,,,,,,,,,
도봉구,창1동,주점,15,,,,,,,,,,,,,,,,
도봉구,창2동,주점,14,,,,,,,,,,,,,,,,
도봉구,창3동,주점,35,,,,,,,,,,,,,,,,
도봉구,창4동,주점,33,,,,,,,,,,,,,,,,
도봉구,창5동,주점,24,,,,,,,,,,,,,,,,
도봉구,도봉1동,주점,47,,,,,,,,,,,,,,,,
도봉구,도봉2동,주점,34,,,,,,,,,,,,,,,,
도봉구,쌍문1동,주점,8,,,,,,,,,,,,,,,,
도봉구,쌍문2동,주점,17,,,,,,,,,,,,,,,,
도봉구,쌍문3동,주점,16,,,,,,,,,,,,,,,,
도봉구,쌍문4동,주점,5,,,,,,,,,,,,,,,,
도봉구,방학1동,주점,81,,,,,,,,,,,,,,,,
도봉구,방학2동,주점,11,,,,,,,,,,,,,,,,
도봉구,방학3동,주점,4,,,,,,,,,,,,,,,,
노원구,월계1동,주점,34,,,,,,,,,,,,,,,,
노원구,월계2동,주점,6,,,,,,,,,,,,,,,,
노원구,월계3동,주점,1,,,,,,,,,,,,,,,,
노원구,공릉1동,주점,52,,,,,,,,,,,,,,,,
노원구,공릉2동,주점,24,,,,,,,,,,,,,,,,
노원구,하계1동,주점,14,,,,,,,,,,,,,,,,
노원구,하계2동,주점,3,,,,,,,,,,,,,,,,
노원구,중계본동,주점,17,,,,,,,,,,,,,,,,
노원구,중계1동,주점,9,,,,,,,,,,,,,,,,
노원구,중계4동,주점,29,,,,,,,,,,,,,,,,
노원구,중계2.3동,주점,14,,,,,,,,,,,,,,,,
노원구,상계1동,주점,50,,,,,,,,,,,,,,,,
노원구,상계2동,주점,102,,,,,,,,,,,,,,,,
노원구,상계3.4동,주점,35,,,,,,,,,,,,,,,,
노원구,상계5동,주점,28,,,,,,,,,,,,,,,,
노원구,상계6.7동,주점,20,,,,,,,,,,,,,,,,
노원구,상계8동,주점,4,,,,,,,,,,,,,,,,
노원구,상계9동,주점,3,,,,,,,,,,,,,,,,
노원구,상계10동,주점,2,,,,,,,,,,,,,,,,
은평구,녹번동,주점,28,,,,,,,,,,,,,,,,
은평구,불광1동,주점,25,,,,,,,,,,,,,,,,
은평구,불광2동,주점,38,,,,,,,,,,,,,,,,
은평구,갈현1동,주점,76,,,,,,,,,,,,,,,,
은평구,갈현2동,주점,52,,,,,,,,,,,,,,,,
은평구,구산동,주점,8,,,,,,,,,,,,,,,,
은평구,대조동,주점,63,,,,,,,,,,,,,,,,
은평구,응암1동,주점,33,,,,,,,,,,,,,,,,
은평구,응암2동,주점,8,,,,,,,,,,,,,,,,
은평구,응암3동,주점,67,,,,,,,,,,,,,,,,
은평구,역촌동,주점,64,,,,,,,,,,,,,,,,
은평구,신사1동,주점,19,,,,,,,,,,,,,,,,
은평구,신사2동,주점,7,,,,,,,,,,,,,,,,
은평구,증산동,주점,20,,,,,,,,,,,,,,,,
은평구,수색동,주점,26,,,,,,,,,,,,,,,,
은평구,진관동,주점,13,,,,,,,,,,,,,,,,
서대문구,천연동,주점,22,,,,,,,,,,,,,,,,
서대문구,북아현동,주점,18,,,,,,,,,,,,,,,,
서대문구,충현동,주점,43,,,,,,,,,,,,,,,,
서대문구,신촌동,주점,206,,,,,,,,,,,,,,,,
서대문구,연희동,주점,44,,,,,,,,,,,,,,,,
서대문구,홍제1동,주점,20,,,,,,,,,,,,,,,,
서대문구,홍제3동,주점,32,,,,,,,,,,,,,,,,
서대문구,홍제2동,주점,10,,,,,,,,,,,,,,,,
서대문구,홍은1동,주점,25,,,,,,,,,,,,,,,,
서대문구,홍은2동,주점,27,,,,,,,,,,,,,,,,
서대문구,남가좌1동,주점,19,,,,,,,,,,,,,,,,
서대문구,남가좌2동,주점,28,,,,,,,,,,,,,,,,
서대문구,북가좌1동,주점,7,,,,,,,,,,,,,,,,
서대문구,북가좌2동,주점,36,,,,,,,,,,,,,,,,
마포구,아현동,주점,45,,,,,,,,,,,,,,,,
마포구,공덕동,주점,37,,,,,,,,,,,,,,,,
마포구,도화동,주점,57,,,,,,,,,,,,,,,,
마포구,용강동,주점,43,,,,,,,,,,,,,,,,
마포구,대흥동,주점,30,,,,,,,,,,,,,,,,
마포구,염리동,주점,20,,,,,,,,,,,,,,,,
마포구,신수동,주점,14,,,,,,,,,,,,,,,,
마포구,서강동,주점,49,,,,,,,,,,,,,,,,
마포구,서교동,주점,411,,,,,,,,,,,,,,,,
마포구,합정동,주점,69,,,,,,,,,,,,,,,,
마포구,망원1동,주점,41,,,,,,,,,,,,,,,,
마포구,망원2동,주점,21,,,,,,,,,,,,,,,,
마포구,연남동,주점,94,,,,,,,,,,,,,,,,
마포구,성산1동,주점,14,,,,,,,,,,,,,,,,
마포구,성산2동,주점,25,,,,,,,,,,,,,,,,
마포구,상암동,주점,42,,,,,,,,,,,,,,,,
양천구,목1동,주점,50,,,,,,,,,,,,,,,,
양천구,목2동,주점,25,,,,,,,,,,,,,,,,
양천구,목3동,주점,42,,,,,,,,,,,,,,,,
양천구,목4동,주점,32,,,,,,,,,,,,,,,,
양천구,목5동,주점,13,,,,,,,,,,,,,,,,
양천구,신월1동,주점,66,,,,,,,,,,,,,,,,
양천구,신월2동,주점,11,,,,,,,,,,,,,,,,
양천구,신월3동,주점,15,,,,,,,,,,,,,,,,
양천구,신월4동,주점,38,,,,,,,,,,,,,,,,
양천구,신월5동,주점,22,,,,,,,,,,,,,,,,
양천구,신월6동,주점,13,,,,,,,,,,,,,,,,
양천구,신월7동,주점,20,,,,,,,,,,,,,,,,
양천구,신정1동,주점,26,,,,,,,,,,,,,,,,
양천구,신정2동,주점,9,,,,,,,,,,,,,,,,
양천구,신정3동,주점,35,,,,,,,,,,,,,,,,
양천구,신정4동,주점,75,,,,,,,,,,,,,,,,
양천구,신정6동,주점,2,,,,,,,,,,,,,,,,
양천구,신정7동,주점,12,,,,,,,,,,,,,,,,
강서구,염창동,주점,25,,,,,,,,,,,,,,,,
강서구,등촌1동,주점,28,,,,,,,,,,,,,,,,
강서구,등촌2동,주점,9,,,,,,,,,,,,,,,,
강서구,등촌3동,주점,30,,,,,,,,,,,,,,,,
강서구,화곡1동,주점,119,,,,,,,,,,,,,,,,
강서구,화곡2동,주점,14,,,,,,,,,,,,,,,,
강서구,화곡3동,주점,38,,,,,,,,,,,,,,,,
강서구,화곡4동,주점,38,,,,,,,,,,,,,,,,
강서구,화곡본동,주점,50,,,,,,,,,,,,,,,,
강서구,화곡6동,주점,96,,,,,,,,,,,,,,,,
강서구,화곡8동,주점,21,,,,,,,,,,,,,,,,
강서구,가양1동,주점,98,,,,,,,,,,,,,,,,
강서구,가양2동,주점,8,,,,,,,,,,,,,,,,
강서구,가양3동,주점,3,,,,,,,,,,,,,,,,
강서구,발산1동,주점,22,,,,,,,,,,,,,,,,
강서구,우장산동,주점,25,,,,,,,,,,,,,,,,
강서구,공항동,주점,49,,,,,,,,,,,,,,,,
강서구,방화1동,주점,41,,,,,,,,,,,,,,,,
강서구,방화2동,주점,52,,,,,,,,,,,,,,,,
강서구,방화3동,주점,13,,,,,,,,,,,,,,,,
구로구,신도림동,주점,22,,,,,,,,,,,,,,,,
구로구,구로1동,주점,14,,,,,,,,,,,,,,,,
구로구,구로2동,주점,104,,,,,,,,,,,,,,,,
구로구,구로3동,주점,80,,,,,,,,,,,,,,,,
구로구,구로4동,주점,86,,,,,,,,,,,,,,,,
구로구,구로5동,주점,65,,,,,,,,,,,,,,,,
구로구,가리봉동,주점,71,,,,,,,,,,,,,,,,
구로구,고척1동,주점,37,,,,,,,,,,,,,,,,
구로구,고척2동,주점,30,,,,,,,,,,,,,,,,
구로구,개봉1동,주점,41,,,,,,,,,,,,,,,,
구로구,개봉2동,주점,33,,,,,,,,,,,,,,,,
구로구,개봉3동,주점,24,,,,,,,,,,,,,,,,
구로구,오류1동,주점,27,,,,,,,,,,,,,,,,
구로구,오류2동,주점,13,,,,,,,,,,,,,,,,
구로구,수궁동,주점,15,,,,,,,,,,,,,,,,
금천구,가산동,주점,82,,,,,,,,,,,,,,,,
금천구,독산1동,주점,55,,,,,,,,,,,,,,,,
금천구,독산2동,주점,30,,,,,,,,,,,,,,,,
금천구,독산3동,주점,70,,,,,,,,,,,,,,,,
금천구,독산4동,주점,46,,,,,,,,,,,,,,,,
금천구,시흥1동,주점,100,,,,,,,,,,,,,,,,
금천구,시흥2동,주점,4,,,,,,,,,,,,,,,,
금천구,시흥3동,주점,11,,,,,,,,,,,,,,,,
금천구,시흥4동,주점,26,,,,,,,,,,,,,,,,
금천구,시흥5동,주점,26,,,,,,,,,,,,,,,,
영등포구,영등포본동,주점,25,,,,,,,,,,,,,,,,
영등포구,영등포동,주점,120,,,,,,,,,,,,,,,,
영등포구,여의동,주점,116,,,,,,,,,,,,,,,,
영등포구,당산1동,주점,97,,,,,,,,,,,,,,,,
영등포구,당산2동,주점,43,,,,,,,,,,,,,,,,
영등포구,도림동,주점,25,,,,,,,,,,,,,,,,
영등포구,문래동,주점,44,,,,,,,,,,,,,,,,
영등포구,양평1동,주점,28,,,,,,,,,,,,,,,,
영등포구,양평2동,주점,31,,,,,,,,,,,,,,,,
영등포구,신길1동,주점,26,,,,,,,,,,,,,,,,
영등포구,신길3동,주점,23,,,,,,,,,,,,,,,,
영등포구,신길4동,주점,17,,,,,,,,,,,,,,,,
영등포구,신길5동,주점,14,,,,,,,,,,,,,,,,
영등포구,신길6동,주점,16,,,,,,,,,,,,,,,,
영등포구,신길7동,주점,12,,,,,,,,,,,,,,,,
영등포구,대림1동,주점,22,,,,,,,,,,,,,,,,
영등포구,대림2동,주점,57,,,,,,,,,,,,,,,,
영등포구,대림3동,주점,72,,,,,,,,,,,,,,,,
동작구,노량진1동,주점,45,,,,,,,,,,,,,,,,
동작구,노량진2동,주점,21,,,,,,,,,,,,,,,,
동작구,상도1동,주점,39,,,,,,,,,,,,,,,,
동작구,상도2동,주점,27,,,,,,,,,,,,,,,,
동작구,상도3동,주점,19,,,,,,,,,,,,,,,,
동작구,상도4동,주점,20,,,,,,,,,,,,,,,,
동작구,흑석동,주점,60,,,,,,,,,,,,,,,,
동작구,사당1동,주점,67,,,,,,,,,,,,,,,,
동작구,사당2동,주점,85,,,,,,,,,,,,,,,,
동작구,사당3동,주점,10,,,,,,,,,,,,,,,,
동작구,사당4동,주점,11,,,,,,,,,,,,,,,,
동작구,사당5동,주점,3,,,,,,,,,,,,,,,,
동작구,대방동,주점,34,,,,,,,,,,,,,,,,
동작구,신대방1동,주점,19,,,,,,,,,,,,,,,,
동작구,신대방2동,주점,18,,,,,,,,,,,,,,,,
관악구,보라매동,주점,30,,,,,,,,,,,,,,,,
관악구,청림동,주점,10,,,,,,,,,,,,,,,,
관악구,성현동,주점,6,,,,,,,,,,,,,,,,
관악구,행운동,주점,28,,,,,,,,,,,,,,,,
관악구,낙성대동,주점,66,,,,,,,,,,,,,,,,
관악구,청룡동,주점,50,,,,,,,,,,,,,,,,
관악구,은천동,주점,34,,,,,,,,,,,,,,,,
관악구,중앙동,주점,26,,,,,,,,,,,,,,,,
관악구,인헌동,주점,19,,,,,,,,,,,,,,,,
관악구,남현동,주점,48,,,,,,,,,,,,,,,,
관악구,서원동,주점,88,,,,,,,,,,,,,,,,
관악구,신원동,주점,19,,,,,,,,,,,,,,,,
관악구,서림동,주점,20,,,,,,,,,,,,,,,,
관악구,신사동,주점,41,,,,,,,,,,,,,,,,
관악구,신림동,주점,110,,,,,,,,,,,,,,,,
관악구,난향동,주점,2,,,,,,,,,,,,,,,,
관악구,조원동,주점,64,,,,,,,,,,,,,,,,
관악구,대학동,주점,48,,,,,,,,,,,,,,,,
관악구,삼성동,주점,14,,,,,,,,,,,,,,,,
관악구,미성동,주점,26,,,,,,,,,,,,,,,,
관악구,난곡동,주점,16,,,,,,,,,,,,,,,,
서초구,서초1동,주점,18,,,,,,,,,,,,,,,,
서초구,서초2동,주점,34,,,,,,,,,,,,,,,,
서초구,서초3동,주점,101,,,,,,,,,,,,,,,,
서초구,서초4동,주점,66,,,,,,,,,,,,,,,,
서초구,잠원동,주점,44,,,,,,,,,,,,,,,,
서초구,반포본동,주점,12,,,,,,,,,,,,,,,,
서초구,반포1동,주점,39,,,,,,,,,,,,,,,,
서초구,반포2동,주점,1,,,,,,,,,,,,,,,,
서초구,반포3동,주점,4,,,,,,,,,,,,,,,,
서초구,반포4동,주점,23,,,,,,,,,,,,,,,,
서초구,방배본동,주점,23,,,,,,,,,,,,,,,,
서초구,방배1동,주점,23,,,,,,,,,,,,,,,,
서초구,방배2동,주점,42,,,,,,,,,,,,,,,,
서초구,방배3동,주점,6,,,,,,,,,,,,,,,,
서초구,방배4동,주점,14,,,,,,,,,,,,,,,,
서초구,양재1동,주점,52,,,,,,,,,,,,,,,,
서초구,양재2동,주점,41,,,,,,,,,,,,,,,,
서초구,내곡동,주점,2,,,,,,,,,,,,,,,,
강남구,신사동,주점,62,,,,,,,,,,,,,,,,
강남구,논현1동,주점,83,,,,,,,,,,,,,,,,
강남구,논현2동,주점,50,,,,,,,,,,,,,,,,
강남구,압구정동,주점,65,,,,,,,,,,,,,,,,
강남구,청담동,주점,51,,,,,,,,,,,,,,,,
강남구,삼성1동,주점,29,,,,,,,,,,,,,,,,
강남구,삼성2동,주점,24,,,,,,,,,,,,,,,,
강남구,대치1동,주점,5,,,,,,,,,,,,,,,,
강남구,대치2동,주점,27,,,,,,,,,,,,,,,,
강남구,대치4동,주점,52,,,,,,,,,,,,,,,,
강남구,역삼1동,주점,196,,,,,,,,,,,,,,,,
강남구,역삼2동,주점,15,,,,,,,,,,,,,,,,
강남구,도곡1동,주점,8,,,,,,,,,,,,,,,,
강남구,도곡2동,주점,23,,,,,,,,,,,,,,,,
강남구,개포1동,주점,0,,,,,,,,,,,,,,,,
강남구,개포2동,주점,10,,,,,,,,,,,,,,,,
강남구,개포4동,주점,11,,,,,,,,,,,,,,,,
강남구,세곡동,주점,10,,,,,,,,,,,,,,,,
강남구,일원본동,주점,4,,,,,,,,,,,,,,,,
강남구,일원1동,주점,28,,,,,,,,,,,,,,,,
강남구,일원2동,주점,4,,,,,,,,,,,,,,,,
강남구,수서동,주점,13,,,,,,,,,,,,,,,,
송파구,풍납1동,주점,19,,,,,,,,,,,,,,,,
송파구,풍납2동,주점,9,,,,,,,,,,,,,,,,
송파구,거여1동,주점,13,,,,,,,,,,,,,,,,
송파구,거여2동,주점,15,,,,,,,,,,,,,,,,
송파구,마천1동,주점,34,,,,,,,,,,,,,,,,
송파구,마천2동,주점,24,,,,,,,,,,,,,,,,
송파구,방이1동,주점,30,,,,,,,,,,,,,,,,
송파구,방이2동,주점,105,,,,,,,,,,,,,,,,
송파구,오륜동,주점,2,,,,,,,,,,,,,,,,
송파구,오금동,주점,38,,,,,,,,,,,,,,,,
송파구,송파1동,주점,45,,,,,,,,,,,,,,,,
송파구,송파2동,주점,11,,,,,,,,,,,,,,,,
송파구,석촌동,주점,52,,,,,,,,,,,,,,,,
송파구,삼전동,주점,43,,,,,,,,,,,,,,,,
송파구,가락본동,주점,67,,,,,,,,,,,,,,,,
송파구,가락1동,주점,8,,,,,,,,,,,,,,,,
송파구,가락2동,주점,29,,,,,,,,,,,,,,,,
송파구,문정1동,주점,12,,,,,,,,,,,,,,,,
송파구,문정2동,주점,36,,,,,,,,,,,,,,,,
송파구,장지동,주점,18,,,,,,,,,,,,,,,,
송파구,위례동,주점,5,,,,,,,,,,,,,,,,
송파구,잠실본동,주점,131,,,,,,,,,,,,,,,,
송파구,잠실2동,주점,2,,,,,,,,,,,,,,,,
송파구,잠실3동,주점,4,,,,,,,,,,,,,,,,
송파구,잠실4동,주점,1,,,,,,,,,,,,,,,,
송파구,잠실6동,주점,7,,,,,,,,,,,,,,,,
송파구,잠실7동,주점,1,,,,,,,,,,,,,,,,
강동구,강일동,주점,1,,,,,,,,,,,,,,,,
강동구,상일동,주점,17,,,,,,,,,,,,,,,,
강동구,명일1동,주점,32,,,,,,,,,,,,,,,,
강동구,명일2동,주점,11,,,,,,,,,,,,,,,,
강동구,고덕1동,주점,11,,,,,,,,,,,,,,,,
강동구,고덕2동,주점,9,,,,,,,,,,,,,,,,
강동구,암사1동,주점,44,,,,,,,,,,,,,,,,
강동구,암사2동,주점,11,,,,,,,,,,,,,,,,
강동구,암사3동,주점,4,,,,,,,,,,,,,,,,
강동구,천호1동,주점,40,,,,,,,,,,,,,,,,
강동구,천호2동,주점,96,,,,,,,,,,,,,,,,
강동구,천호3동,주점,61,,,,,,,,,,,,,,,,
강동구,성내1동,주점,31,,,,,,,,,,,,,,,,
강동구,성내2동,주점,54,,,,,,,,,,,,,,,,
강동구,성내3동,주점,76,,,,,,,,,,,,,,,,
강동구,길동,주점,114,,,,,,,,,,,,,,,,
강동구,둔촌1동,주점,0,,,,,,,,,,,,,,,,
강동구,둔촌2동,주점,27,,,,,,,,,,,,,,,,
종로구,청운효자동,의류판매점,56,,,,,,,,,,,,,,,,
종로구,사직동,의류판매점,78,,,,,,,,,,,,,,,,
종로구,삼청동,의류판매점,56,,,,,,,,,,,,,,,,
종로구,부암동,의류판매점,18,,,,,,,,,,,,,,,,
종로구,평창동,의류판매점,31,,,,,,,,,,,,,,,,
종로구,무악동,의류판매점,5,,,,,,,,,,,,,,,,
종로구,교남동,의류판매점,15,,,,,,,,,,,,,,,,
종로구,가회동,의류판매점,25,,,,,,,,,,,,,,,,
종로구,종로1.2.3.4가동,의류판매점,538,,,,,,,,,,,,,,,,
종로구,종로5.6가동,의류판매점,200,,,,,,,,,,,,,,,,
종로구,이화동,의류판매점,50,,,,,,,,,,,,,,,,
종로구,혜화동,의류판매점,72,,,,,,,,,,,,,,,,
종로구,창신1동,의류판매점,205,,,,,,,,,,,,,,,,
종로구,창신2동,의류판매점,29,,,,,,,,,,,,,,,,
종로구,창신3동,의류판매점,11,,,,,,,,,,,,,,,,
종로구,숭인1동,의류판매점,24,,,,,,,,,,,,,,,,
종로구,숭인2동,의류판매점,99,,,,,,,,,,,,,,,,
중구,소공동,의류판매점,346,,,,,,,,,,,,,,,,
중구,회현동,의류판매점,2418,,,,,,,,,,,,,,,,
중구,명동,의류판매점,685,,,,,,,,,,,,,,,,
중구,필동,의류판매점,13,,,,,,,,,,,,,,,,
중구,장충동,의류판매점,45,,,,,,,,,,,,,,,,
중구,광희동,의류판매점,2918,,,,,,,,,,,,,,,,
중구,을지로동,의류판매점,383,,,,,,,,,,,,,,,,
중구,신당동,의류판매점,7827,,,,,,,,,,,,,,,,
중구,다산동,의류판매점,109,,,,,,,,,,,,,,,,
중구,약수동,의류판매점,47,,,,,,,,,,,,,,,,
중구,청구동,의류판매점,63,,,,,,,,,,,,,,,,
중구,신당5동,의류판매점,115,,,,,,,,,,,,,,,,
중구,동화동,의류판매점,102,,,,,,,,,,,,,,,,
중구,황학동,의류판매점,90,,,,,,,,,,,,,,,,
중구,중림동,의류판매점,14,,,,,,,,,,,,,,,,
용산구,후암동,의류판매점,36,,,,,,,,,,,,,,,,
용산구,용산2가동,의류판매점,36,,,,,,,,,,,,,,,,
용산구,남영동,의류판매점,124,,,,,,,,,,,,,,,,
용산구,청파동,의류판매점,39,,,,,,,,,,,,,,,,
용산구,원효로1동,의류판매점,29,,,,,,,,,,,,,,,,
용산구,원효로2동,의류판매점,21,,,,,,,,,,,,,,,,
용산구,효창동,의류판매점,9,,,,,,,,,,,,,,,,
용산구,용문동,의류판매점,27,,,,,,,,,,,,,,,,
용산구,한강로동,의류판매점,152,,,,,,,,,,,,,,,,
용산구,이촌1동,의류판매점,99,,,,,,,,,,,,,,,,
용산구,이촌2동,의류판매점,6,,,,,,,,,,,,,,,,
용산구,이태원1동,의류판매점,342,,,,,,,,,,,,,,,,
용산구,이태원2동,의류판매점,55,,,,,,,,,,,,,,,,
용산구,한남동,의류판매점,204,,,,,,,,,,,,,,,,
용산구,서빙고동,의류판매점,32,,,,,,,,,,,,,,,,
용산구,보광동,의류판매점,30,,,,,,,,,,,,,,,,
성동구,왕십리2동,의류판매점,28,,,,,,,,,,,,,,,,
성동구,왕십리도선동,의류판매점,82,,,,,,,,,,,,,,,,
성동구,마장동,의류판매점,27,,,,,,,,,,,,,,,,
성동구,사근동,의류판매점,15,,,,,,,,,,,,,,,,
성동구,행당1동,의류판매점,100,,,,,,,,,,,,,,,,
성동구,행당2동,의류판매점,34,,,,,,,,,,,,,,,,
성동구,응봉동,의류판매점,14,,,,,,,,,,,,,,,,
성동구,금호1가동,의류판매점,15,,,,,,,,,,,,,,,,
성동구,금호2.3가동,의류판매점,59,,,,,,,,,,,,,,,,
성동구,금호4가동,의류판매점,23,,,,,,,,,,,,,,,,
성동구,옥수동,의류판매점,31,,,,,,,,,,,,,,,,
성동구,성수1가1동,의류판매점,40,,,,,,,,,,,,,,,,
성동구,성수1가2동,의류판매점,56,,,,,,,,,,,,,,,,
성동구,성수2가1동,의류판매점,82,,,,,,,,,,,,,,,,
성동구,성수2가3동,의류판매점,120,,,,,,,,,,,,,,,,
성동구,송정동,의류판매점,14,,,,,,,,,,,,,,,,
성동구,용답동,의류판매점,72,,,,,,,,,,,,,,,,
광진구,화양동,의류판매점,95,,,,,,,,,,,,,,,,
광진구,군자동,의류판매점,46,,,,,,,,,,,,,,,,
광진구,중곡1동,의류판매점,62,,,,,,,,,,,,,,,,
광진구,중곡2동,의류판매점,67,,,,,,,,,,,,,,,,
광진구,중곡3동,의류판매점,52,,,,,,,,,,,,,,,,
광진구,중곡4동,의류판매점,81,,,,,,,,,,,,,,,,
광진구,능동,의류판매점,31,,,,,,,,,,,,,,,,
광진구,광장동,의류판매점,67,,,,,,,,,,,,,,,,
광진구,자양1동,의류판매점,86,,,,,,,,,,,,,,,,
광진구,자양2동,의류판매점,34,,,,,,,,,,,,,,,,
광진구,자양3동,의류판매점,85,,,,,,,,,,,,,,,,
광진구,자양4동,의류판매점,82,,,,,,,,,,,,,,,,
광진구,구의1동,의류판매점,60,,,,,,,,,,,,,,,,
광진구,구의2동,의류판매점,48,,,,,,,,,,,,,,,,
광진구,구의3동,의류판매점,120,,,,,,,,,,,,,,,,
동대문구,용신동,의류판매점,196,,,,,,,,,,,,,,,,
동대문구,제기동,의류판매점,50,,,,,,,,,,,,,,,,
동대문구,전농1동,의류판매점,256,,,,,,,,,,,,,,,,
동대문구,전농2동,의류판매점,29,,,,,,,,,,,,,,,,
동대문구,답십리1동,의류판매점,74,,,,,,,,,,,,,,,,
동대문구,답십리2동,의류판매점,44,,,,,,,,,,,,,,,,
동대문구,장안1동,의류판매점,237,,,,,,,,,,,,,,,,
동대문구,장안2동,의류판매점,202,,,,,,,,,,,,,,,,
동대문구,청량리동,의류판매점,123,,,,,,,,,,,,,,,,
동대문구,회기동,의류판매점,50,,,,,,,,,,,,,,,,
동대문구,휘경1동,의류판매점,32,,,,,,,,,,,,,,,,
동대문구,휘경2동,의류판매점,19,,,,,,,,,,,,,,,,
동대문구,이문1동,의류판매점,27,,,,,,,,,,,,,,,,
동대문구,이문2동,의류판매점,15,,,,,,,,,,,,,,,,
중랑구,면목2동,의류판매점,67,,,,,,,,,,,,,,,,
중랑구,면목4동,의류판매점,23,,,,,,,,,,,,,,,,
중랑구,면목5동,의류판매점,23,,,,,,,,,,,,,,,,
중랑구,면목본동,의류판매점,86,,,,,,,,,,,,,,,,
중랑구,면목7동,의류판매점,82,,,,,,,,,,,,,,,,
중랑구,면목3.8동,의류판매점,72,,,,,,,,,,,,,,,,
중랑구,상봉1동,의류판매점,65,,,,,,,,,,,,,,,,
중랑구,상봉2동,의류판매점,97,,,,,,,,,,,,,,,,
중랑구,중화1동,의류판매점,26,,,,,,,,,,,,,,,,
중랑구,중화2동,의류판매점,70,,,,,,,,,,,,,,,,
중랑구,묵1동,의류판매점,47,,,,,,,,,,,,,,,,
중랑구,묵2동,의류판매점,37,,,,,,,,,,,,,,,,
중랑구,망우본동,의류판매점,88,,,,,,,,,,,,,,,,
중랑구,망우3동,의류판매점,22,,,,,,,,,,,,,,,,
중랑구,신내1동,의류판매점,51,,,,,,,,,,,,,,,,
중랑구,신내2동,의류판매점,46,,,,,,,,,,,,,,,,
성북구,성북동,의류판매점,45,,,,,,,,,,,,,,,,
성북구,삼선동,의류판매점,108,,,,,,,,,,,,,,,,
성북구,동선동,의류판매점,144,,,,,,,,,,,,,,,,
성북구,돈암1동,의류판매점,12,,,,,,,,,,,,,,,,
성북구,돈암2동,의류판매점,4,,,,,,,,,,,,,,,,
성북구,안암동,의류판매점,67,,,,,,,,,,,,,,,,
성북구,보문동,의류판매점,62,,,,,,,,,,,,,,,,
성북구,정릉1동,의류판매점,23,,,,,,,,,,,,,,,,
성북구,정릉2동,의류판매점,23,,,,,,,,,,,,,,,,
성북구,정릉3동,의류판매점,13,,,,,,,,,,,,,,,,
성북구,정릉4동,의류판매점,29,,,,,,,,,,,,,,,,
성북구,길음1동,의류판매점,47,,,,,,,,,,,,,,,,
성북구,길음2동,의류판매점,172,,,,,,,,,,,,,,,,
성북구,종암동,의류판매점,64,,,,,,,,,,,,,,,,
성북구,월곡1동,의류판매점,43,,,,,,,,,,,,,,,,
성북구,월곡2동,의류판매점,49,,,,,,,,,,,,,,,,
성북구,장위1동,의류판매점,27,,,,,,,,,,,,,,,,
성북구,장위2동,의류판매점,48,,,,,,,,,,,,,,,,
성북구,장위3동,의류판매점,23,,,,,,,,,,,,,,,,
성북구,석관동,의류판매점,52,,,,,,,,,,,,,,,,
강북구,삼양동,의류판매점,42,,,,,,,,,,,,,,,,
강북구,미아동,의류판매점,66,,,,,,,,,,,,,,,,
강북구,송중동,의류판매점,97,,,,,,,,,,,,,,,,
강북구,송천동,의류판매점,62,,,,,,,,,,,,,,,,
강북구,삼각산동,의류판매점,16,,,,,,,,,,,,,,,,
강북구,번1동,의류판매점,54,,,,,,,,,,,,,,,,
강북구,번2동,의류판매점,13,,,,,,,,,,,,,,,,
강북구,번3동,의류판매점,7,,,,,,,,,,,,,,,,
강북구,수유1동,의류판매점,85,,,,,,,,,,,,,,,,
강북구,수유2동,의류판매점,33,,,,,,,,,,,,,,,,
강북구,수유3동,의류판매점,103,,,,,,,,,,,,,,,,
강북구,우이동,의류판매점,52,,,,,,,,,,,,,,,,
강북구,인수동,의류판매점,52,,,,,,,,,,,,,,,,
도봉구,창1동,의류판매점,39,,,,,,,,,,,,,,,,
도봉구,창2동,의류판매점,52,,,,,,,,,,,,,,,,
도봉구,창3동,의류판매점,38,,,,,,,,,,,,,,,,
도봉구,창4동,의류판매점,32,,,,,,,,,,,,,,,,
도봉구,창5동,의류판매점,40,,,,,,,,,,,,,,,,
도봉구,도봉1동,의류판매점,47,,,,,,,,,,,,,,,,
도봉구,도봉2동,의류판매점,30,,,,,,,,,,,,,,,,
도봉구,쌍문1동,의류판매점,14,,,,,,,,,,,,,,,,
도봉구,쌍문2동,의류판매점,50,,,,,,,,,,,,,,,,
도봉구,쌍문3동,의류판매점,40,,,,,,,,,,,,,,,,
도봉구,쌍문4동,의류판매점,19,,,,,,,,,,,,,,,,
도봉구,방학1동,의류판매점,86,,,,,,,,,,,,,,,,
도봉구,방학2동,의류판매점,43,,,,,,,,,,,,,,,,
도봉구,방학3동,의류판매점,22,,,,,,,,,,,,,,,,
노원구,월계1동,의류판매점,30,,,,,,,,,,,,,,,,
노원구,월계2동,의류판매점,18,,,,,,,,,,,,,,,,
노원구,월계3동,의류판매점,32,,,,,,,,,,,,,,,,
노원구,공릉1동,의류판매점,90,,,,,,,,,,,,,,,,
노원구,공릉2동,의류판매점,32,,,,,,,,,,,,,,,,
노원구,하계1동,의류판매점,118,,,,,,,,,,,,,,,,
노원구,하계2동,의류판매점,7,,,,,,,,,,,,,,,,
노원구,중계본동,의류판매점,27,,,,,,,,,,,,,,,,
노원구,중계1동,의류판매점,24,,,,,,,,,,,,,,,,
노원구,중계4동,의류판매점,40,,,,,,,,,,,,,,,,
노원구,중계2.3동,의류판매점,244,,,,,,,,,,,,,,,,
노원구,상계1동,의류판매점,36,,,,,,,,,,,,,,,,
노원구,상계2동,의류판매점,284,,,,,,,,,,,,,,,,
노원구,상계3.4동,의류판매점,44,,,,,,,,,,,,,,,,
노원구,상계5동,의류판매점,48,,,,,,,,,,,,,,,,
노원구,상계6.7동,의류판매점,38,,,,,,,,,,,,,,,,
노원구,상계8동,의류판매점,24,,,,,,,,,,,,,,,,
노원구,상계9동,의류판매점,28,,,,,,,,,,,,,,,,
노원구,상계10동,의류판매점,17,,,,,,,,,,,,,,,,
은평구,녹번동,의류판매점,29,,,,,,,,,,,,,,,,
은평구,불광1동,의류판매점,27,,,,,,,,,,,,,,,,
은평구,불광2동,의류판매점,97,,,,,,,,,,,,,,,,
은평구,갈현1동,의류판매점,35,,,,,,,,,,,,,,,,
은평구,갈현2동,의류판매점,85,,,,,,,,,,,,,,,,
은평구,구산동,의류판매점,32,,,,,,,,,,,,,,,,
은평구,대조동,의류판매점,247,,,,,,,,,,,,,,,,
은평구,응암1동,의류판매점,60,,,,,,,,,,,,,,,,
은평구,응암2동,의류판매점,11,,,,,,,,,,,,,,,,
은평구,응암3동,의류판매점,99,,,,,,,,,,,,,,,,
은평구,역촌동,의류판매점,68,,,,,,,,,,,,,,,,
은평구,신사1동,의류판매점,49,,,,,,,,,,,,,,,,
은평구,신사2동,의류판매점,16,,,,,,,,,,,,,,,,
은평구,증산동,의류판매점,23,,,,,,,,,,,,,,,,
은평구,수색동,의류판매점,17,,,,,,,,,,,,,,,,
은평구,진관동,의류판매점,72,,,,,,,,,,,,,,,,
서대문구,천연동,의류판매점,28,,,,,,,,,,,,,,,,
서대문구,북아현동,의류판매점,27,,,,,,,,,,,,,,,,
서대문구,충현동,의류판매점,29,,,,,,,,,,,,,,,,
서대문구,신촌동,의류판매점,410,,,,,,,,,,,,,,,,
서대문구,연희동,의류판매점,91,,,,,,,,,,,,,,,,
서대문구,홍제1동,의류판매점,30,,,,,,,,,,,,,,,,
서대문구,홍제3동,의류판매점,34,,,,,,,,,,,,,,,,
서대문구,홍제2동,의류판매점,24,,,,,,,,,,,,,,,,
서대문구,홍은1동,의류판매점,33,,,,,,,,,,,,,,,,
서대문구,홍은2동,의류판매점,25,,,,,,,,,,,,,,,,
서대문구,남가좌1동,의류판매점,35,,,,,,,,,,,,,,,,
서대문구,남가좌2동,의류판매점,47,,,,,,,,,,,,,,,,
서대문구,북가좌1동,의류판매점,10,,,,,,,,,,,,,,,,
서대문구,북가좌2동,의류판매점,42,,,,,,,,,,,,,,,,
마포구,아현동,의류판매점,73,,,,,,,,,,,,,,,,
마포구,공덕동,의류판매점,38,,,,,,,,,,,,,,,,
마포구,도화동,의류판매점,41,,,,,,,,,,,,,,,,
마포구,용강동,의류판매점,47,,,,,,,,,,,,,,,,
마포구,대흥동,의류판매점,24,,,,,,,,,,,,,,,,
마포구,염리동,의류판매점,19,,,,,,,,,,,,,,,,
마포구,신수동,의류판매점,19,,,,,,,,,,,,,,,,
마포구,서강동,의류판매점,79,,,,,,,,,,,,,,,,
마포구,서교동,의류판매점,625,,,,,,,,,,,,,,,,
마포구,합정동,의류판매점,71,,,,,,,,,,,,,,,,
마포구,망원1동,의류판매점,68,,,,,,,,,,,,,,,,
마포구,망원2동,의류판매점,49,,,,,,,,,,,,,,,,
마포구,연남동,의류판매점,87,,,,,,,,,,,,,,,,
마포구,성산1동,의류판매점,44,,,,,,,,,,,,,,,,
마포구,성산2동,의류판매점,107,,,,,,,,,,,,,,,,
마포구,상암동,의류판매점,22,,,,,,,,,,,,,,,,
양천구,목1동,의류판매점,280,,,,,,,,,,,,,,,,
양천구,목2동,의류판매점,36,,,,,,,,,,,,,,,,
양천구,목3동,의류판매점,59,,,,,,,,,,,,,,,,
양천구,목4동,의류판매점,42,,,,,,,,,,,,,,,,
양천구,목5동,의류판매점,58,,,,,,,,,,,,,,,,
양천구,신월1동,의류판매점,63,,,,,,,,,,,,,,,,
양천구,신월2동,의류판매점,18,,,,,,,,,,,,,,,,
양천구,신월3동,의류판매점,35,,,,,,,,,,,,,,,,
양천구,신월4동,의류판매점,22,,,,,,,,,,,,,,,,
양천구,신월5동,의류판매점,31,,,,,,,,,,,,,,,,
양천구,신월6동,의류판매점,21,,,,,,,,,,,,,,,,
양천구,신월7동,의류판매점,29,,,,,,,,,,,,,,,,
양천구,신정1동,의류판매점,43,,,,,,,,,,,,,,,,
양천구,신정2동,의류판매점,35,,,,,,,,,,,,,,,,
양천구,신정3동,의류판매점,53,,,,,,,,,,,,,,,,
양천구,신정4동,의류판매점,112,,,,,,,,,,,,,,,,
양천구,신정6동,의류판매점,17,,,,,,,,,,,,,,,,
양천구,신정7동,의류판매점,15,,,,,,,,,,,,,,,,
강서구,염창동,의류판매점,50,,,,,,,,,,,,,,,,
강서구,등촌1동,의류판매점,60,,,,,,,,,,,,,,,,
강서구,등촌2동,의류판매점,34,,,,,,,,,,,,,,,,
강서구,등촌3동,의류판매점,202,,,,,,,,,,,,,,,,
강서구,화곡1동,의류판매점,109,,,,,,,,,,,,,,,,
강서구,화곡2동,의류판매점,32,,,,,,,,,,,,,,,,
강서구,화곡3동,의류판매점,37,,,,,,,,,,,,,,,,
강서구,화곡4동,의류판매점,64,,,,,,,,,,,,,,,,
강서구,화곡본동,의류판매점,49,,,,,,,,,,,,,,,,
강서구,화곡6동,의류판매점,43,,,,,,,,,,,,,,,,
강서구,화곡8동,의류판매점,56,,,,,,,,,,,,,,,,
강서구,가양1동,의류판매점,53,,,,,,,,,,,,,,,,
강서구,가양2동,의류판매점,30,,,,,,,,,,,,,,,,
강서구,가양3동,의류판매점,33,,,,,,,,,,,,,,,,
강서구,발산1동,의류판매점,57,,,,,,,,,,,,,,,,
강서구,우장산동,의류판매점,50,,,,,,,,,,,,,,,,
강서구,공항동,의류판매점,57,,,,,,,,,,,,,,,,
강서구,방화1동,의류판매점,72,,,,,,,,,,,,,,,,
강서구,방화2동,의류판매점,223,,,,,,,,,,,,,,,,
강서구,방화3동,의류판매점,46,,,,,,,,,,,,,,,,
구로구,신도림동,의류판매점,118,,,,,,,,,,,,,,,,
구로구,구로1동,의류판매점,14,,,,,,,,,,,,,,,,
구로구,구로2동,의류판매점,86,,,,,,,,,,,,,,,,
구로구,구로3동,의류판매점,128,,,,,,,,,,,,,,,,
구로구,구로4동,의류판매점,88,,,,,,,,,,,,,,,,
구로구,구로5동,의류판매점,237,,,,,,,,,,,,,,,,
구로구,가리봉동,의류판매점,23,,,,,,,,,,,,,,,,
구로구,고척1동,의류판매점,96,,,,,,,,,,,,,,,,
구로구,고척2동,의류판매점,60,,,,,,,,,,,,,,,,
구로구,개봉1동,의류판매점,40,,,,,,,,,,,,,,,,
구로구,개봉2동,의류판매점,38,,,,,,,,,,,,,,,,
구로구,개봉3동,의류판매점,34,,,,,,,,,,,,,,,,
구로구,오류1동,의류판매점,45,,,,,,,,,,,,,,,,
구로구,오류2동,의류판매점,20,,,,,,,,,,,,,,,,
구로구,수궁동,의류판매점,19,,,,,,,,,,,,,,,,
금천구,가산동,의류판매점,830,,,,,,,,,,,,,,,,
금천구,독산1동,의류판매점,87,,,,,,,,,,,,,,,,
금천구,독산2동,의류판매점,34,,,,,,,,,,,,,,,,
금천구,독산3동,의류판매점,69,,,,,,,,,,,,,,,,
금천구,독산4동,의류판매점,23,,,,,,,,,,,,,,,,
금천구,시흥1동,의류판매점,136,,,,,,,,,,,,,,,,
금천구,시흥2동,의류판매점,11,,,,,,,,,,,,,,,,
금천구,시흥3동,의류판매점,16,,,,,,,,,,,,,,,,
금천구,시흥4동,의류판매점,19,,,,,,,,,,,,,,,,
금천구,시흥5동,의류판매점,37,,,,,,,,,,,,,,,,
영등포구,영등포본동,의류판매점,328,,,,,,,,,,,,,,,,
영등포구,영등포동,의류판매점,376,,,,,,,,,,,,,,,,
영등포구,여의동,의류판매점,173,,,,,,,,,,,,,,,,
영등포구,당산1동,의류판매점,35,,,,,,,,,,,,,,,,
영등포구,당산2동,의류판매점,62,,,,,,,,,,,,,,,,
영등포구,도림동,의류판매점,20,,,,,,,,,,,,,,,,
영등포구,문래동,의류판매점,68,,,,,,,,,,,,,,,,
영등포구,양평1동,의류판매점,35,,,,,,,,,,,,,,,,
영등포구,양평2동,의류판매점,43,,,,,,,,,,,,,,,,
영등포구,신길1동,의류판매점,43,,,,,,,,,,,,,,,,
영등포구,신길3동,의류판매점,30,,,,,,,,,,,,,,,,
영등포구,신길4동,의류판매점,13,,,,,,,,,,,,,,,,
영등포구,신길5동,의류판매점,13,,,,,,,,,,,,,,,,
영등포구,신길6동,의류판매점,31,,,,,,,,,,,,,,,,
영등포구,신길7동,의류판매점,11,,,,,,,,,,,,,,,,
영등포구,대림1동,의류판매점,43,,,,,,,,,,,,,,,,
영등포구,대림2동,의류판매점,41,,,,,,,,,,,,,,,,
영등포구,대림3동,의류판매점,40,,,,,,,,,,,,,,,,
동작구,노량진1동,의류판매점,29,,,,,,,,,,,,,,,,
동작구,노량진2동,의류판매점,25,,,,,,,,,,,,,,,,
동작구,상도1동,의류판매점,49,,,,,,,,,,,,,,,,
동작구,상도2동,의류판매점,57,,,,,,,,,,,,,,,,
동작구,상도3동,의류판매점,42,,,,,,,,,,,,,,,,
동작구,상도4동,의류판매점,29,,,,,,,,,,,,,,,,
동작구,흑석동,의류판매점,47,,,,,,,,,,,,,,,,
동작구,사당1동,의류판매점,53,,,,,,,,,,,,,,,,
동작구,사당2동,의류판매점,79,,,,,,,,,,,,,,,,
동작구,사당3동,의류판매점,23,,,,,,,,,,,,,,,,
동작구,사당4동,의류판매점,35,,,,,,,,,,,,,,,,
동작구,사당5동,의류판매점,21,,,,,,,,,,,,,,,,
동작구,대방동,의류판매점,35,,,,,,,,,,,,,,,,
동작구,신대방1동,의류판매점,37,,,,,,,,,,,,,,,,
동작구,신대방2동,의류판매점,27,,,,,,,,,,,,,,,,
관악구,보라매동,의류판매점,176,,,,,,,,,,,,,,,,
관악구,청림동,의류판매점,5,,,,,,,,,,,,,,,,
관악구,성현동,의류판매점,14,,,,,,,,,,,,,,,,
관악구,행운동,의류판매점,68,,,,,,,,,,,,,,,,
관악구,낙성대동,의류판매점,14,,,,,,,,,,,,,,,,
관악구,청룡동,의류판매점,101,,,,,,,,,,,,,,,,
관악구,은천동,의류판매점,31,,,,,,,,,,,,,,,,
관악구,중앙동,의류판매점,23,,,,,,,,,,,,,,,,
관악구,인헌동,의류판매점,48,,,,,,,,,,,,,,,,
관악구,남현동,의류판매점,29,,,,,,,,,,,,,,,,
관악구,서원동,의류판매점,110,,,,,,,,,,,,,,,,
관악구,신원동,의류판매점,29,,,,,,,,,,,,,,,,
관악구,서림동,의류판매점,17,,,,,,,,,,,,,,,,
관악구,신사동,의류판매점,39,,,,,,,,,,,,,,,,
관악구,신림동,의류판매점,114,,,,,,,,,,,,,,,,
관악구,난향동,의류판매점,4,,,,,,,,,,,,,,,,
관악구,조원동,의류판매점,59,,,,,,,,,,,,,,,,
관악구,대학동,의류판매점,12,,,,,,,,,,,,,,,,
관악구,삼성동,의류판매점,31,,,,,,,,,,,,,,,,
관악구,미성동,의류판매점,67,,,,,,,,,,,,,,,,
관악구,난곡동,의류판매점,28,,,,,,,,,,,,,,,,
서초구,서초1동,의류판매점,59,,,,,,,,,,,,,,,,
서초구,서초2동,의류판매점,95,,,,,,,,,,,,,,,,
서초구,서초3동,의류판매점,138,,,,,,,,,,,,,,,,
서초구,서초4동,의류판매점,85,,,,,,,,,,,,,,,,
서초구,잠원동,의류판매점,45,,,,,,,,,,,,,,,,
서초구,반포본동,의류판매점,72,,,,,,,,,,,,,,,,
서초구,반포1동,의류판매점,92,,,,,,,,,,,,,,,,
서초구,반포2동,의류판매점,12,,,,,,,,,,,,,,,,
서초구,반포3동,의류판매점,110,,,,,,,,,,,,,,,,
서초구,반포4동,의류판매점,620,,,,,,,,,,,,,,,,
서초구,방배본동,의류판매점,76,,,,,,,,,,,,,,,,
서초구,방배1동,의류판매점,57,,,,,,,,,,,,,,,,
서초구,방배2동,의류판매점,54,,,,,,,,,,,,,,,,
서초구,방배3동,의류판매점,27,,,,,,,,,,,,,,,,
서초구,방배4동,의류판매점,71,,,,,,,,,,,,,,,,
서초구,양재1동,의류판매점,108,,,,,,,,,,,,,,,,
서초구,양재2동,의류판매점,172,,,,,,,,,,,,,,,,
서초구,내곡동,의류판매점,22,,,,,,,,,,,,,,,,
강남구,신사동,의류판매점,507,,,,,,,,,,,,,,,,
강남구,논현1동,의류판매점,223,,,,,,,,,,,,,,,,
강남구,논현2동,의류판매점,196,,,,,,,,,,,,,,,,
강남구,압구정동,의류판매점,557,,,,,,,,,,,,,,,,
강남구,청담동,의류판매점,378,,,,,,,,,,,,,,,,
강남구,삼성1동,의류판매점,354,,,,,,,,,,,,,,,,
강남구,삼성2동,의류판매점,104,,,,,,,,,,,,,,,,
강남구,대치1동,의류판매점,29,,,,,,,,,,,,,,,,
강남구,대치2동,의류판매점,223,,,,,,,,,,,,,,,,
강남구,대치4동,의류판매점,187,,,,,,,,,,,,,,,,
강남구,역삼1동,의류판매점,444,,,,,,,,,,,,,,,,
강남구,역삼2동,의류판매점,71,,,,,,,,,,,,,,,,
강남구,도곡1동,의류판매점,56,,,,,,,,,,,,,,,,
강남구,도곡2동,의류판매점,83,,,,,,,,,,,,,,,,
강남구,개포1동,의류판매점,11,,,,,,,,,,,,,,,,
강남구,개포2동,의류판매점,16,,,,,,,,,,,,,,,,
강남구,개포4동,의류판매점,99,,,,,,,,,,,,,,,,
강남구,세곡동,의류판매점,17,,,,,,,,,,,,,,,,
강남구,일원본동,의류판매점,14,,,,,,,,,,,,,,,,
강남구,일원1동,의류판매점,17,,,,,,,,,,,,,,,,
강남구,일원2동,의류판매점,19,,,,,,,,,,,,,,,,
강남구,수서동,의류판매점,32,,,,,,,,,,,,,,,,
송파구,풍납1동,의류판매점,22,,,,,,,,,,,,,,,,
송파구,풍납2동,의류판매점,31,,,,,,,,,,,,,,,,
송파구,거여1동,의류판매점,20,,,,,,,,,,,,,,,,
송파구,거여2동,의류판매점,18,,,,,,,,,,,,,,,,
송파구,마천1동,의류판매점,20,,,,,,,,,,,,,,,,
송파구,마천2동,의류판매점,80,,,,,,,,,,,,,,,,
송파구,방이1동,의류판매점,48,,,,,,,,,,,,,,,,
송파구,방이2동,의류판매점,73,,,,,,,,,,,,,,,,
송파구,오륜동,의류판매점,66,,,,,,,,,,,,,,,,
송파구,오금동,의류판매점,52,,,,,,,,,,,,,,,,
송파구,송파1동,의류판매점,66,,,,,,,,,,,,,,,,
송파구,송파2동,의류판매점,46,,,,,,,,,,,,,,,,
송파구,석촌동,의류판매점,84,,,,,,,,,,,,,,,,
송파구,삼전동,의류판매점,51,,,,,,,,,,,,,,,,
송파구,가락본동,의류판매점,103,,,,,,,,,,,,,,,,
송파구,가락1동,의류판매점,16,,,,,,,,,,,,,,,,
송파구,가락2동,의류판매점,70,,,,,,,,,,,,,,,,
송파구,문정1동,의류판매점,124,,,,,,,,,,,,,,,,
송파구,문정2동,의류판매점,366,,,,,,,,,,,,,,,,
송파구,장지동,의류판매점,23,,,,,,,,,,,,,,,,
송파구,위례동,의류판매점,21,,,,,,,,,,,,,,,,
송파구,잠실본동,의류판매점,74,,,,,,,,,,,,,,,,
송파구,잠실2동,의류판매점,90,,,,,,,,,,,,,,,,
송파구,잠실3동,의류판매점,424,,,,,,,,,,,,,,,,
송파구,잠실4동,의류판매점,19,,,,,,,,,,,,,,,,
송파구,잠실6동,의류판매점,174,,,,,,,,,,,,,,,,
송파구,잠실7동,의류판매점,18,,,,,,,,,,,,,,,,
강동구,강일동,의류판매점,7,,,,,,,,,,,,,,,,
강동구,상일동,의류판매점,12,,,,,,,,,,,,,,,,
강동구,명일1동,의류판매점,109,,,,,,,,,,,,,,,,
강동구,명일2동,의류판매점,75,,,,,,,,,,,,,,,,
강동구,고덕1동,의류판매점,12,,,,,,,,,,,,,,,,
강동구,고덕2동,의류판매점,14,,,,,,,,,,,,,,,,
강동구,암사1동,의류판매점,67,,,,,,,,,,,,,,,,
강동구,암사2동,의류판매점,17,,,,,,,,,,,,,,,,
강동구,암사3동,의류판매점,17,,,,,,,,,,,,,,,,
강동구,천호1동,의류판매점,61,,,,,,,,,,,,,,,,
강동구,천호2동,의류판매점,336,,,,,,,,,,,,,,,,
강동구,천호3동,의류판매점,138,,,,,,,,,,,,,,,,
강동구,성내1동,의류판매점,40,,,,,,,,,,,,,,,,
강동구,성내2동,의류판매점,46,,,,,,,,,,,,,,,,
강동구,성내3동,의류판매점,80,,,,,,,,,,,,,,,,
강동구,길동,의류판매점,94,,,,,,,,,,,,,,,,
강동구,둔촌1동,의류판매점,22,,,,,,,,,,,,,,,,
강동구,둔촌2동,의류판매점,39,,,,,,,,,,,,,,,,
종로구,청운효자동,미용실,16,,,,,,,,,,,,,,,,
종로구,사직동,미용실,26,,,,,,,,,,,,,,,,
종로구,삼청동,미용실,0,,,,,,,,,,,,,,,,
종로구,부암동,미용실,9,,,,,,,,,,,,,,,,
종로구,평창동,미용실,21,,,,,,,,,,,,,,,,
종로구,무악동,미용실,9,,,,,,,,,,,,,,,,
종로구,교남동,미용실,13,,,,,,,,,,,,,,,,
종로구,가회동,미용실,7,,,,,,,,,,,,,,,,
종로구,종로1.2.3.4가동,미용실,39,,,,,,,,,,,,,,,,
종로구,종로5.6가동,미용실,21,,,,,,,,,,,,,,,,
종로구,이화동,미용실,9,,,,,,,,,,,,,,,,
종로구,혜화동,미용실,34,,,,,,,,,,,,,,,,
종로구,창신1동,미용실,11,,,,,,,,,,,,,,,,
종로구,창신2동,미용실,17,,,,,,,,,,,,,,,,
종로구,창신3동,미용실,9,,,,,,,,,,,,,,,,
종로구,숭인1동,미용실,13,,,,,,,,,,,,,,,,
종로구,숭인2동,미용실,19,,,,,,,,,,,,,,,,
중구,소공동,미용실,23,,,,,,,,,,,,,,,,
중구,회현동,미용실,23,,,,,,,,,,,,,,,,
중구,명동,미용실,62,,,,,,,,,,,,,,,,
중구,필동,미용실,13,,,,,,,,,,,,,,,,
중구,장충동,미용실,9,,,,,,,,,,,,,,,,
중구,광희동,미용실,20,,,,,,,,,,,,,,,,
중구,을지로동,미용실,11,,,,,,,,,,,,,,,,
중구,신당동,미용실,25,,,,,,,,,,,,,,,,
중구,다산동,미용실,20,,,,,,,,,,,,,,,,
중구,약수동,미용실,41,,,,,,,,,,,,,,,,
중구,청구동,미용실,21,,,,,,,,,,,,,,,,
중구,신당5동,미용실,25,,,,,,,,,,,,,,,,
중구,동화동,미용실,31,,,,,,,,,,,,,,,,
중구,황학동,미용실,29,,,,,,,,,,,,,,,,
중구,중림동,미용실,20,,,,,,,,,,,,,,,,
용산구,후암동,미용실,24,,,,,,,,,,,,,,,,
용산구,용산2가동,미용실,23,,,,,,,,,,,,,,,,
용산구,남영동,미용실,24,,,,,,,,,,,,,,,,
용산구,청파동,미용실,46,,,,,,,,,,,,,,,,
용산구,원효로1동,미용실,24,,,,,,,,,,,,,,,,
용산구,원효로2동,미용실,19,,,,,,,,,,,,,,,,
용산구,효창동,미용실,7,,,,,,,,,,,,,,,,
용산구,용문동,미용실,30,,,,,,,,,,,,,,,,
용산구,한강로동,미용실,42,,,,,,,,,,,,,,,,
용산구,이촌1동,미용실,39,,,,,,,,,,,,,,,,
용산구,이촌2동,미용실,8,,,,,,,,,,,,,,,,
용산구,이태원1동,미용실,23,,,,,,,,,,,,,,,,
용산구,이태원2동,미용실,21,,,,,,,,,,,,,,,,
용산구,한남동,미용실,46,,,,,,,,,,,,,,,,
용산구,서빙고동,미용실,12,,,,,,,,,,,,,,,,
용산구,보광동,미용실,37,,,,,,,,,,,,,,,,
성동구,왕십리2동,미용실,33,,,,,,,,,,,,,,,,
성동구,왕십리도선동,미용실,64,,,,,,,,,,,,,,,,
성동구,마장동,미용실,31,,,,,,,,,,,,,,,,
성동구,사근동,미용실,29,,,,,,,,,,,,,,,,
성동구,행당1동,미용실,40,,,,,,,,,,,,,,,,
성동구,행당2동,미용실,26,,,,,,,,,,,,,,,,
성동구,응봉동,미용실,14,,,,,,,,,,,,,,,,
성동구,금호1가동,미용실,26,,,,,,,,,,,,,,,,
성동구,금호2.3가동,미용실,56,,,,,,,,,,,,,,,,
성동구,금호4가동,미용실,24,,,,,,,,,,,,,,,,
성동구,옥수동,미용실,35,,,,,,,,,,,,,,,,
성동구,성수1가1동,미용실,24,,,,,,,,,,,,,,,,
성동구,성수1가2동,미용실,32,,,,,,,,,,,,,,,,
성동구,성수2가1동,미용실,39,,,,,,,,,,,,,,,,
성동구,성수2가3동,미용실,21,,,,,,,,,,,,,,,,
성동구,송정동,미용실,21,,,,,,,,,,,,,,,,
성동구,용답동,미용실,28,,,,,,,,,,,,,,,,
광진구,화양동,미용실,77,,,,,,,,,,,,,,,,
광진구,군자동,미용실,58,,,,,,,,,,,,,,,,
광진구,중곡1동,미용실,46,,,,,,,,,,,,,,,,
광진구,중곡2동,미용실,65,,,,,,,,,,,,,,,,
광진구,중곡3동,미용실,55,,,,,,,,,,,,,,,,
광진구,중곡4동,미용실,57,,,,,,,,,,,,,,,,
광진구,능동,미용실,16,,,,,,,,,,,,,,,,
광진구,광장동,미용실,40,,,,,,,,,,,,,,,,
광진구,자양1동,미용실,78,,,,,,,,,,,,,,,,
광진구,자양2동,미용실,59,,,,,,,,,,,,,,,,
광진구,자양3동,미용실,56,,,,,,,,,,,,,,,,
광진구,자양4동,미용실,47,,,,,,,,,,,,,,,,
광진구,구의1동,미용실,62,,,,,,,,,,,,,,,,
광진구,구의2동,미용실,45,,,,,,,,,,,,,,,,
광진구,구의3동,미용실,68,,,,,,,,,,,,,,,,
동대문구,용신동,미용실,49,,,,,,,,,,,,,,,,
동대문구,제기동,미용실,43,,,,,,,,,,,,,,,,
동대문구,전농1동,미용실,78,,,,,,,,,,,,,,,,
동대문구,전농2동,미용실,38,,,,,,,,,,,,,,,,
동대문구,답십리1동,미용실,39,,,,,,,,,,,,,,,,
동대문구,답십리2동,미용실,41,,,,,,,,,,,,,,,,
동대문구,장안1동,미용실,80,,,,,,,,,,,,,,,,
동대문구,장안2동,미용실,92,,,,,,,,,,,,,,,,
동대문구,청량리동,미용실,48,,,,,,,,,,,,,,,,
동대문구,회기동,미용실,33,,,,,,,,,,,,,,,,
동대문구,휘경1동,미용실,27,,,,,,,,,,,,,,,,
동대문구,휘경2동,미용실,27,,,,,,,,,,,,,,,,
동대문구,이문1동,미용실,53,,,,,,,,,,,,,,,,
동대문구,이문2동,미용실,30,,,,,,,,,,,,,,,,
중랑구,면목2동,미용실,63,,,,,,,,,,,,,,,,
중랑구,면목4동,미용실,39,,,,,,,,,,,,,,,,
중랑구,면목5동,미용실,24,,,,,,,,,,,,,,,,
중랑구,면목본동,미용실,80,,,,,,,,,,,,,,,,
중랑구,면목7동,미용실,48,,,,,,,,,,,,,,,,
중랑구,면목3.8동,미용실,73,,,,,,,,,,,,,,,,
중랑구,상봉1동,미용실,45,,,,,,,,,,,,,,,,
중랑구,상봉2동,미용실,42,,,,,,,,,,,,,,,,
중랑구,중화1동,미용실,46,,,,,,,,,,,,,,,,
중랑구,중화2동,미용실,59,,,,,,,,,,,,,,,,
중랑구,묵1동,미용실,64,,,,,,,,,,,,,,,,
중랑구,묵2동,미용실,57,,,,,,,,,,,,,,,,
중랑구,망우본동,미용실,81,,,,,,,,,,,,,,,,
중랑구,망우3동,미용실,42,,,,,,,,,,,,,,,,
중랑구,신내1동,미용실,50,,,,,,,,,,,,,,,,
중랑구,신내2동,미용실,33,,,,,,,,,,,,,,,,
성북구,성북동,미용실,26,,,,,,,,,,,,,,,,
성북구,삼선동,미용실,79,,,,,,,,,,,,,,,,
성북구,동선동,미용실,100,,,,,,,,,,,,,,,,
성북구,돈암1동,미용실,16,,,,,,,,,,,,,,,,
성북구,돈암2동,미용실,3,,,,,,,,,,,,,,,,
성북구,안암동,미용실,37,,,,,,,,,,,,,,,,
성북구,보문동,미용실,36,,,,,,,,,,,,,,,,
성북구,정릉1동,미용실,37,,,,,,,,,,,,,,,,
성북구,정릉2동,미용실,31,,,,,,,,,,,,,,,,
성북구,정릉3동,미용실,25,,,,,,,,,,,,,,,,
성북구,정릉4동,미용실,31,,,,,,,,,,,,,,,,
성북구,길음1동,미용실,33,,,,,,,,,,,,,,,,
성북구,길음2동,미용실,32,,,,,,,,,,,,,,,,
성북구,종암동,미용실,71,,,,,,,,,,,,,,,,
성북구,월곡1동,미용실,59,,,,,,,,,,,,,,,,
성북구,월곡2동,미용실,57,,,,,,,,,,,,,,,,
성북구,장위1동,미용실,35,,,,,,,,,,,,,,,,
성북구,장위2동,미용실,40,,,,,,,,,,,,,,,,
성북구,장위3동,미용실,26,,,,,,,,,,,,,,,,
성북구,석관동,미용실,77,,,,,,,,,,,,,,,,
강북구,삼양동,미용실,61,,,,,,,,,,,,,,,,
강북구,미아동,미용실,83,,,,,,,,,,,,,,,,
강북구,송중동,미용실,77,,,,,,,,,,,,,,,,
강북구,송천동,미용실,83,,,,,,,,,,,,,,,,
강북구,삼각산동,미용실,28,,,,,,,,,,,,,,,,
강북구,번1동,미용실,64,,,,,,,,,,,,,,,,
강북구,번2동,미용실,23,,,,,,,,,,,,,,,,
강북구,번3동,미용실,23,,,,,,,,,,,,,,,,
강북구,수유1동,미용실,48,,,,,,,,,,,,,,,,
강북구,수유2동,미용실,63,,,,,,,,,,,,,,,,
강북구,수유3동,미용실,83,,,,,,,,,,,,,,,,
강북구,우이동,미용실,27,,,,,,,,,,,,,,,,
강북구,인수동,미용실,64,,,,,,,,,,,,,,,,
도봉구,창1동,미용실,44,,,,,,,,,,,,,,,,
도봉구,창2동,미용실,66,,,,,,,,,,,,,,,,
도봉구,창3동,미용실,38,,,,,,,,,,,,,,,,
도봉구,창4동,미용실,31,,,,,,,,,,,,,,,,
도봉구,창5동,미용실,50,,,,,,,,,,,,,,,,
도봉구,도봉1동,미용실,49,,,,,,,,,,,,,,,,
도봉구,도봉2동,미용실,44,,,,,,,,,,,,,,,,
도봉구,쌍문1동,미용실,29,,,,,,,,,,,,,,,,
도봉구,쌍문2동,미용실,58,,,,,,,,,,,,,,,,
도봉구,쌍문3동,미용실,40,,,,,,,,,,,,,,,,
도봉구,쌍문4동,미용실,26,,,,,,,,,,,,,,,,
도봉구,방학1동,미용실,84,,,,,,,,,,,,,,,,
도봉구,방학2동,미용실,53,,,,,,,,,,,,,,,,
도봉구,방학3동,미용실,17,,,,,,,,,,,,,,,,
노원구,월계1동,미용실,45,,,,,,,,,,,,,,,,
노원구,월계2동,미용실,28,,,,,,,,,,,,,,,,
노원구,월계3동,미용실,24,,,,,,,,,,,,,,,,
노원구,공릉1동,미용실,102,,,,,,,,,,,,,,,,
노원구,공릉2동,미용실,70,,,,,,,,,,,,,,,,
노원구,하계1동,미용실,23,,,,,,,,,,,,,,,,
노원구,하계2동,미용실,16,,,,,,,,,,,,,,,,
노원구,중계본동,미용실,39,,,,,,,,,,,,,,,,
노원구,중계1동,미용실,38,,,,,,,,,,,,,,,,
노원구,중계4동,미용실,35,,,,,,,,,,,,,,,,
노원구,중계2.3동,미용실,41,,,,,,,,,,,,,,,,
노원구,상계1동,미용실,78,,,,,,,,,,,,,,,,
노원구,상계2동,미용실,92,,,,,,,,,,,,,,,,
노원구,상계3.4동,미용실,58,,,,,,,,,,,,,,,,
노원구,상계5동,미용실,68,,,,,,,,,,,,,,,,
노원구,상계6.7동,미용실,54,,,,,,,,,,,,,,,,
노원구,상계8동,미용실,18,,,,,,,,,,,,,,,,
노원구,상계9동,미용실,20,,,,,,,,,,,,,,,,
노원구,상계10동,미용실,16,,,,,,,,,,,,,,,,
은평구,녹번동,미용실,65,,,,,,,,,,,,,,,,
은평구,불광1동,미용실,49,,,,,,,,,,,,,,,,
은평구,불광2동,미용실,92,,,,,,,,,,,,,,,,
은평구,갈현1동,미용실,67,,,,,,,,,,,,,,,,
은평구,갈현2동,미용실,85,,,,,,,,,,,,,,,,
은평구,구산동,미용실,58,,,,,,,,,,,,,,,,
은평구,대조동,미용실,88,,,,,,,,,,,,,,,,
은평구,응암1동,미용실,65,,,,,,,,,,,,,,,,
은평구,응암2동,미용실,20,,,,,,,,,,,,,,,,
은평구,응암3동,미용실,88,,,,,,,,,,,,,,,,
은평구,역촌동,미용실,131,,,,,,,,,,,,,,,,
은평구,신사1동,미용실,61,,,,,,,,,,,,,,,,
은평구,신사2동,미용실,40,,,,,,,,,,,,,,,,
은평구,증산동,미용실,41,,,,,,,,,,,,,,,,
은평구,수색동,미용실,18,,,,,,,,,,,,,,,,
은평구,진관동,미용실,76,,,,,,,,,,,,,,,,
서대문구,천연동,미용실,24,,,,,,,,,,,,,,,,
서대문구,북아현동,미용실,20,,,,,,,,,,,,,,,,
서대문구,충현동,미용실,28,,,,,,,,,,,,,,,,
서대문구,신촌동,미용실,166,,,,,,,,,,,,,,,,
서대문구,연희동,미용실,76,,,,,,,,,,,,,,,,
서대문구,홍제1동,미용실,40,,,,,,,,,,,,,,,,
서대문구,홍제3동,미용실,32,,,,,,,,,,,,,,,,
서대문구,홍제2동,미용실,21,,,,,,,,,,,,,,,,
서대문구,홍은1동,미용실,42,,,,,,,,,,,,,,,,
서대문구,홍은2동,미용실,30,,,,,,,,,,,,,,,,
서대문구,남가좌1동,미용실,29,,,,,,,,,,,,,,,,
서대문구,남가좌2동,미용실,61,,,,,,,,,,,,,,,,
서대문구,북가좌1동,미용실,12,,,,,,,,,,,,,,,,
서대문구,북가좌2동,미용실,77,,,,,,,,,,,,,,,,
서대문구,아현동,미용실,60,,,,,,,,,,,,,,,,
서대문구,공덕동,미용실,62,,,,,,,,,,,,,,,,
서대문구,도화동,미용실,41,,,,,,,,,,,,,,,,
서대문구,용강동,미용실,31,,,,,,,,,,,,,,,,
서대문구,대흥동,미용실,52,,,,,,,,,,,,,,,,
서대문구,염리동,미용실,29,,,,,,,,,,,,,,,,
서대문구,신수동,미용실,35,,,,,,,,,,,,,,,,
서대문구,서강동,미용실,78,,,,,,,,,,,,,,,,
서대문구,서교동,미용실,297,,,,,,,,,,,,,,,,
서대문구,합정동,미용실,64,,,,,,,,,,,,,,,,
서대문구,망원1동,미용실,58,,,,,,,,,,,,,,,,
서대문구,망원2동,미용실,65,,,,,,,,,,,,,,,,
서대문구,연남동,미용실,61,,,,,,,,,,,,,,,,
서대문구,성산1동,미용실,25,,,,,,,,,,,,,,,,
서대문구,성산2동,미용실,47,,,,,,,,,,,,,,,,
서대문구,상암동,미용실,37,,,,,,,,,,,,,,,,
양천구,목1동,미용실,67,,,,,,,,,,,,,,,,
양천구,목2동,미용실,57,,,,,,,,,,,,,,,,
양천구,목3동,미용실,65,,,,,,,,,,,,,,,,
양천구,목4동,미용실,73,,,,,,,,,,,,,,,,
양천구,목5동,미용실,49,,,,,,,,,,,,,,,,
양천구,신월1동,미용실,61,,,,,,,,,,,,,,,,
양천구,신월2동,미용실,31,,,,,,,,,,,,,,,,
양천구,신월3동,미용실,35,,,,,,,,,,,,,,,,
양천구,신월4동,미용실,42,,,,,,,,,,,,,,,,
양천구,신월5동,미용실,34,,,,,,,,,,,,,,,,
양천구,신월6동,미용실,24,,,,,,,,,,,,,,,,
양천구,신월7동,미용실,53,,,,,,,,,,,,,,,,
양천구,신정1동,미용실,45,,,,,,,,,,,,,,,,
양천구,신정2동,미용실,53,,,,,,,,,,,,,,,,
양천구,신정3동,미용실,66,,,,,,,,,,,,,,,,
양천구,신정4동,미용실,110,,,,,,,,,,,,,,,,
양천구,신정6동,미용실,17,,,,,,,,,,,,,,,,
양천구,신정7동,미용실,45,,,,,,,,,,,,,,,,
강서구,염창동,미용실,56,,,,,,,,,,,,,,,,
강서구,등촌1동,미용실,44,,,,,,,,,,,,,,,,
강서구,등촌2동,미용실,28,,,,,,,,,,,,,,,,
강서구,등촌3동,미용실,46,,,,,,,,,,,,,,,,
강서구,화곡1동,미용실,113,,,,,,,,,,,,,,,,
강서구,화곡2동,미용실,36,,,,,,,,,,,,,,,,
강서구,화곡3동,미용실,65,,,,,,,,,,,,,,,,
강서구,화곡4동,미용실,56,,,,,,,,,,,,,,,,
강서구,화곡본동,미용실,52,,,,,,,,,,,,,,,,
강서구,화곡6동,미용실,48,,,,,,,,,,,,,,,,
강서구,화곡8동,미용실,60,,,,,,,,,,,,,,,,
강서구,가양1동,미용실,107,,,,,,,,,,,,,,,,
강서구,가양2동,미용실,17,,,,,,,,,,,,,,,,
강서구,가양3동,미용실,16,,,,,,,,,,,,,,,,
강서구,발산1동,미용실,81,,,,,,,,,,,,,,,,
강서구,우장산동,미용실,81,,,,,,,,,,,,,,,,
강서구,공항동,미용실,53,,,,,,,,,,,,,,,,
강서구,방화1동,미용실,102,,,,,,,,,,,,,,,,
강서구,방화2동,미용실,51,,,,,,,,,,,,,,,,
강서구,방화3동,미용실,25,,,,,,,,,,,,,,,,
구로구,신도림동,미용실,54,,,,,,,,,,,,,,,,
구로구,구로1동,미용실,21,,,,,,,,,,,,,,,,
구로구,구로2동,미용실,91,,,,,,,,,,,,,,,,
구로구,구로3동,미용실,53,,,,,,,,,,,,,,,,
구로구,구로4동,미용실,75,,,,,,,,,,,,,,,,
구로구,구로5동,미용실,55,,,,,,,,,,,,,,,,
구로구,가리봉동,미용실,35,,,,,,,,,,,,,,,,
구로구,고척1동,미용실,45,,,,,,,,,,,,,,,,
구로구,고척2동,미용실,65,,,,,,,,,,,,,,,,
구로구,개봉1동,미용실,70,,,,,,,,,,,,,,,,
구로구,개봉2동,미용실,66,,,,,,,,,,,,,,,,
구로구,개봉3동,미용실,57,,,,,,,,,,,,,,,,
구로구,오류1동,미용실,40,,,,,,,,,,,,,,,,
구로구,오류2동,미용실,62,,,,,,,,,,,,,,,,
구로구,수궁동,미용실,33,,,,,,,,,,,,,,,,
금천구,가산동,미용실,56,,,,,,,,,,,,,,,,
금천구,독산1동,미용실,80,,,,,,,,,,,,,,,,
금천구,독산2동,미용실,54,,,,,,,,,,,,,,,,
금천구,독산3동,미용실,84,,,,,,,,,,,,,,,,
금천구,독산4동,미용실,42,,,,,,,,,,,,,,,,
금천구,시흥1동,미용실,91,,,,,,,,,,,,,,,,
금천구,시흥2동,미용실,22,,,,,,,,,,,,,,,,
금천구,시흥3동,미용실,19,,,,,,,,,,,,,,,,
금천구,시흥4동,미용실,46,,,,,,,,,,,,,,,,
금천구,시흥5동,미용실,54,,,,,,,,,,,,,,,,
영등포구,영등포본동,미용실,24,,,,,,,,,,,,,,,,
영등포구,영등포동,미용실,75,,,,,,,,,,,,,,,,
영등포구,여의동,미용실,57,,,,,,,,,,,,,,,,
영등포구,당산1동,미용실,67,,,,,,,,,,,,,,,,
영등포구,당산2동,미용실,48,,,,,,,,,,,,,,,,
영등포구,도림동,미용실,46,,,,,,,,,,,,,,,,
영등포구,문래동,미용실,40,,,,,,,,,,,,,,,,
영등포구,양평1동,미용실,33,,,,,,,,,,,,,,,,
영등포구,양평2동,미용실,29,,,,,,,,,,,,,,,,
영등포구,신길1동,미용실,50,,,,,,,,,,,,,,,,
영등포구,신길3동,미용실,38,,,,,,,,,,,,,,,,
영등포구,신길4동,미용실,25,,,,,,,,,,,,,,,,
영등포구,신길5동,미용실,18,,,,,,,,,,,,,,,,
영등포구,신길6동,미용실,44,,,,,,,,,,,,,,,,
영등포구,신길7동,미용실,25,,,,,,,,,,,,,,,,
영등포구,대림1동,미용실,44,,,,,,,,,,,,,,,,
영등포구,대림2동,미용실,69,,,,,,,,,,,,,,,,
영등포구,대림3동,미용실,55,,,,,,,,,,,,,,,,
동작구,노량진1동,미용실,59,,,,,,,,,,,,,,,,
동작구,노량진2동,미용실,32,,,,,,,,,,,,,,,,
동작구,상도1동,미용실,68,,,,,,,,,,,,,,,,
동작구,상도2동,미용실,50,,,,,,,,,,,,,,,,
동작구,상도3동,미용실,59,,,,,,,,,,,,,,,,
동작구,상도4동,미용실,36,,,,,,,,,,,,,,,,
동작구,흑석동,미용실,66,,,,,,,,,,,,,,,,
동작구,사당1동,미용실,53,,,,,,,,,,,,,,,,
동작구,사당2동,미용실,59,,,,,,,,,,,,,,,,
동작구,사당3동,미용실,37,,,,,,,,,,,,,,,,
동작구,사당4동,미용실,35,,,,,,,,,,,,,,,,
동작구,사당5동,미용실,25,,,,,,,,,,,,,,,,
동작구,대방동,미용실,47,,,,,,,,,,,,,,,,
동작구,신대방1동,미용실,47,,,,,,,,,,,,,,,,
동작구,신대방2동,미용실,44,,,,,,,,,,,,,,,,
관악구,보라매동,미용실,55,,,,,,,,,,,,,,,,
관악구,청림동,미용실,29,,,,,,,,,,,,,,,,
관악구,성현동,미용실,31,,,,,,,,,,,,,,,,
관악구,행운동,미용실,73,,,,,,,,,,,,,,,,
관악구,낙성대동,미용실,29,,,,,,,,,,,,,,,,
관악구,청룡동,미용실,80,,,,,,,,,,,,,,,,
관악구,은천동,미용실,56,,,,,,,,,,,,,,,,
관악구,중앙동,미용실,47,,,,,,,,,,,,,,,,
관악구,인헌동,미용실,45,,,,,,,,,,,,,,,,
관악구,남현동,미용실,32,,,,,,,,,,,,,,,,
관악구,서원동,미용실,32,,,,,,,,,,,,,,,,
관악구,신원동,미용실,37,,,,,,,,,,,,,,,,
관악구,서림동,미용실,25,,,,,,,,,,,,,,,,
관악구,신사동,미용실,77,,,,,,,,,,,,,,,,
관악구,신림동,미용실,67,,,,,,,,,,,,,,,,
관악구,난향동,미용실,15,,,,,,,,,,,,,,,,
관악구,조원동,미용실,55,,,,,,,,,,,,,,,,
관악구,대학동,미용실,55,,,,,,,,,,,,,,,,
관악구,삼성동,미용실,31,,,,,,,,,,,,,,,,
관악구,미성동,미용실,59,,,,,,,,,,,,,,,,
관악구,난곡동,미용실,48,,,,,,,,,,,,,,,,
서초구,서초1동,미용실,45,,,,,,,,,,,,,,,,
서초구,서초2동,미용실,62,,,,,,,,,,,,,,,,
서초구,서초3동,미용실,63,,,,,,,,,,,,,,,,
서초구,서초4동,미용실,51,,,,,,,,,,,,,,,,
서초구,잠원동,미용실,47,,,,,,,,,,,,,,,,
서초구,반포본동,미용실,23,,,,,,,,,,,,,,,,
서초구,반포1동,미용실,55,,,,,,,,,,,,,,,,
서초구,반포2동,미용실,19,,,,,,,,,,,,,,,,
서초구,반포3동,미용실,22,,,,,,,,,,,,,,,,
서초구,반포4동,미용실,39,,,,,,,,,,,,,,,,
서초구,방배본동,미용실,59,,,,,,,,,,,,,,,,
서초구,방배1동,미용실,54,,,,,,,,,,,,,,,,
서초구,방배2동,미용실,51,,,,,,,,,,,,,,,,
서초구,방배3동,미용실,29,,,,,,,,,,,,,,,,
서초구,방배4동,미용실,66,,,,,,,,,,,,,,,,
서초구,양재1동,미용실,60,,,,,,,,,,,,,,,,
서초구,양재2동,미용실,42,,,,,,,,,,,,,,,,
서초구,내곡동,미용실,10,,,,,,,,,,,,,,,,
강남구,신사동,미용실,125,,,,,,,,,,,,,,,,
강남구,논현1동,미용실,137,,,,,,,,,,,,,,,,
강남구,논현2동,미용실,91,,,,,,,,,,,,,,,,
강남구,압구정동,미용실,177,,,,,,,,,,,,,,,,
강남구,청담동,미용실,212,,,,,,,,,,,,,,,,
강남구,삼성1동,미용실,34,,,,,,,,,,,,,,,,
강남구,삼성2동,미용실,79,,,,,,,,,,,,,,,,
강남구,대치1동,미용실,39,,,,,,,,,,,,,,,,
강남구,대치2동,미용실,68,,,,,,,,,,,,,,,,
강남구,대치4동,미용실,95,,,,,,,,,,,,,,,,
강남구,역삼1동,미용실,218,,,,,,,,,,,,,,,,
강남구,역삼2동,미용실,45,,,,,,,,,,,,,,,,
강남구,도곡1동,미용실,44,,,,,,,,,,,,,,,,
강남구,도곡2동,미용실,29,,,,,,,,,,,,,,,,
강남구,개포1동,미용실,14,,,,,,,,,,,,,,,,
강남구,개포2동,미용실,30,,,,,,,,,,,,,,,,
강남구,개포4동,미용실,36,,,,,,,,,,,,,,,,
강남구,세곡동,미용실,29,,,,,,,,,,,,,,,,
강남구,일원본동,미용실,29,,,,,,,,,,,,,,,,
강남구,일원1동,미용실,29,,,,,,,,,,,,,,,,
강남구,일원2동,미용실,11,,,,,,,,,,,,,,,,
강남구,수서동,미용실,23,,,,,,,,,,,,,,,,
송파구,풍납1동,미용실,30,,,,,,,,,,,,,,,,
송파구,풍납2동,미용실,34,,,,,,,,,,,,,,,,
송파구,거여1동,미용실,33,,,,,,,,,,,,,,,,
송파구,거여2동,미용실,35,,,,,,,,,,,,,,,,
송파구,마천1동,미용실,38,,,,,,,,,,,,,,,,
송파구,마천2동,미용실,52,,,,,,,,,,,,,,,,
송파구,방이1동,미용실,35,,,,,,,,,,,,,,,,
송파구,방이2동,미용실,49,,,,,,,,,,,,,,,,
송파구,오륜동,미용실,12,,,,,,,,,,,,,,,,
송파구,오금동,미용실,69,,,,,,,,,,,,,,,,
송파구,송파1동,미용실,79,,,,,,,,,,,,,,,,
송파구,송파2동,미용실,46,,,,,,,,,,,,,,,,
송파구,석촌동,미용실,86,,,,,,,,,,,,,,,,
송파구,삼전동,미용실,88,,,,,,,,,,,,,,,,
송파구,가락본동,미용실,65,,,,,,,,,,,,,,,,
송파구,가락1동,미용실,19,,,,,,,,,,,,,,,,
송파구,가락2동,미용실,85,,,,,,,,,,,,,,,,
송파구,문정1동,미용실,61,,,,,,,,,,,,,,,,
송파구,문정2동,미용실,63,,,,,,,,,,,,,,,,
송파구,장지동,미용실,53,,,,,,,,,,,,,,,,
송파구,위례동,미용실,30,,,,,,,,,,,,,,,,
송파구,잠실본동,미용실,106,,,,,,,,,,,,,,,,
송파구,잠실2동,미용실,41,,,,,,,,,,,,,,,,
송파구,잠실3동,미용실,38,,,,,,,,,,,,,,,,
송파구,잠실4동,미용실,19,,,,,,,,,,,,,,,,
송파구,잠실6동,미용실,36,,,,,,,,,,,,,,,,
송파구,잠실7동,미용실,9,,,,,,,,,,,,,,,,
강동구,강일동,미용실,26,,,,,,,,,,,,,,,,
강동구,상일동,미용실,21,,,,,,,,,,,,,,,,
강동구,명일1동,미용실,80,,,,,,,,,,,,,,,,
강동구,명일2동,미용실,37,,,,,,,,,,,,,,,,
강동구,고덕1동,미용실,27,,,,,,,,,,,,,,,,
강동구,고덕2동,미용실,33,,,,,,,,,,,,,,,,
강동구,암사1동,미용실,98,,,,,,,,,,,,,,,,
강동구,암사2동,미용실,32,,,,,,,,,,,,,,,,
강동구,암사3동,미용실,26,,,,,,,,,,,,,,,,
강동구,천호1동,미용실,63,,,,,,,,,,,,,,,,
강동구,천호2동,미용실,87,,,,,,,,,,,,,,,,
강동구,천호3동,미용실,65,,,,,,,,,,,,,,,,
강동구,성내1동,미용실,35,,,,,,,,,,,,,,,,
강동구,성내2동,미용실,86,,,,,,,,,,,,,,,,
강동구,성내3동,미용실,89,,,,,,,,,,,,,,,,
강동구,길동,미용실,132,,,,,,,,,,,,,,,,
강동구,둔촌1동,미용실,2,,,,,,,,,,,,,,,,
강동구,둔촌2동,미용실,64,,,,,,,,,,,,,,,,
종로구,청운효자동,한식음식점,74,,,,,,,,,,,,,,,,
종로구,사직동,한식음식점,380,,,,,,,,,,,,,,,,
종로구,삼청동,한식음식점,63,,,,,,,,,,,,,,,,
종로구,부암동,한식음식점,38,,,,,,,,,,,,,,,,
종로구,평창동,한식음식점,58,,,,,,,,,,,,,,,,
종로구,무악동,한식음식점,12,,,,,,,,,,,,,,,,
종로구,교남동,한식음식점,37,,,,,,,,,,,,,,,,
종로구,가회동,한식음식점,80,,,,,,,,,,,,,,,,
종로구,종로1.2.3.4가동,한식음식점,1023,,,,,,,,,,,,,,,,
종로구,종로5.6가동,한식음식점,303,,,,,,,,,,,,,,,,
종로구,이화동,한식음식점,110,,,,,,,,,,,,,,,,
종로구,혜화동,한식음식점,206,,,,,,,,,,,,,,,,
종로구,창신1동,한식음식점,94,,,,,,,,,,,,,,,,
종로구,창신2동,한식음식점,58,,,,,,,,,,,,,,,,
종로구,창신3동,한식음식점,10,,,,,,,,,,,,,,,,
종로구,숭인1동,한식음식점,20,,,,,,,,,,,,,,,,
종로구,숭인2동,한식음식점,108,,,,,,,,,,,,,,,,
중구,소공동,한식음식점,330,,,,,,,,,,,,,,,,
중구,회현동,한식음식점,272,,,,,,,,,,,,,,,,
중구,명동,한식음식점,520,,,,,,,,,,,,,,,,
중구,필동,한식음식점,180,,,,,,,,,,,,,,,,
중구,장충동,한식음식점,67,,,,,,,,,,,,,,,,
중구,광희동,한식음식점,346,,,,,,,,,,,,,,,,
중구,을지로동,한식음식점,291,,,,,,,,,,,,,,,,
중구,신당동,한식음식점,128,,,,,,,,,,,,,,,,
중구,다산동,한식음식점,91,,,,,,,,,,,,,,,,
중구,약수동,한식음식점,56,,,,,,,,,,,,,,,,
중구,청구동,한식음식점,38,,,,,,,,,,,,,,,,
중구,신당5동,한식음식점,117,,,,,,,,,,,,,,,,
중구,동화동,한식음식점,49,,,,,,,,,,,,,,,,
중구,황학동,한식음식점,143,,,,,,,,,,,,,,,,
중구,중림동,한식음식점,105,,,,,,,,,,,,,,,,
용산구,후암동,한식음식점,78,,,,,,,,,,,,,,,,
용산구,용산2가동,한식음식점,39,,,,,,,,,,,,,,,,
용산구,남영동,한식음식점,209,,,,,,,,,,,,,,,,
용산구,청파동,한식음식점,142,,,,,,,,,,,,,,,,
용산구,원효로1동,한식음식점,160,,,,,,,,,,,,,,,,
용산구,원효로2동,한식음식점,47,,,,,,,,,,,,,,,,
용산구,효창동,한식음식점,21,,,,,,,,,,,,,,,,
용산구,용문동,한식음식점,53,,,,,,,,,,,,,,,,
용산구,한강로동,한식음식점,313,,,,,,,,,,,,,,,,
용산구,이촌1동,한식음식점,66,,,,,,,,,,,,,,,,
용산구,이촌2동,한식음식점,17,,,,,,,,,,,,,,,,
용산구,이태원1동,한식음식점,106,,,,,,,,,,,,,,,,
용산구,이태원2동,한식음식점,50,,,,,,,,,,,,,,,,
용산구,한남동,한식음식점,193,,,,,,,,,,,,,,,,
용산구,서빙고동,한식음식점,29,,,,,,,,,,,,,,,,
용산구,보광동,한식음식점,75,,,,,,,,,,,,,,,,
성동구,왕십리2동,한식음식점,53,,,,,,,,,,,,,,,,
성동구,왕십리도선동,한식음식점,207,,,,,,,,,,,,,,,,
성동구,마장동,한식음식점,119,,,,,,,,,,,,,,,,
성동구,사근동,한식음식점,143,,,,,,,,,,,,,,,,
성동구,행당1동,한식음식점,123,,,,,,,,,,,,,,,,
성동구,행당2동,한식음식점,17,,,,,,,,,,,,,,,,
성동구,응봉동,한식음식점,11,,,,,,,,,,,,,,,,
성동구,금호1가동,한식음식점,18,,,,,,,,,,,,,,,,
성동구,금호2.3가동,한식음식점,93,,,,,,,,,,,,,,,,
성동구,금호4가동,한식음식점,51,,,,,,,,,,,,,,,,
성동구,옥수동,한식음식점,47,,,,,,,,,,,,,,,,
성동구,성수1가1동,한식음식점,64,,,,,,,,,,,,,,,,
성동구,성수1가2동,한식음식점,176,,,,,,,,,,,,,,,,
성동구,성수2가1동,한식음식점,171,,,,,,,,,,,,,,,,
성동구,성수2가3동,한식음식점,263,,,,,,,,,,,,,,,,
성동구,송정동,한식음식점,35,,,,,,,,,,,,,,,,
성동구,용답동,한식음식점,122,,,,,,,,,,,,,,,,
광진구,화양동,한식음식점,289,,,,,,,,,,,,,,,,
광진구,군자동,한식음식점,135,,,,,,,,,,,,,,,,
광진구,중곡1동,한식음식점,120,,,,,,,,,,,,,,,,
광진구,중곡2동,한식음식점,113,,,,,,,,,,,,,,,,
광진구,중곡3동,한식음식점,81,,,,,,,,,,,,,,,,
광진구,중곡4동,한식음식점,97,,,,,,,,,,,,,,,,
광진구,능동,한식음식점,56,,,,,,,,,,,,,,,,
광진구,광장동,한식음식점,83,,,,,,,,,,,,,,,,
광진구,자양1동,한식음식점,157,,,,,,,,,,,,,,,,
광진구,자양2동,한식음식점,77,,,,,,,,,,,,,,,,
광진구,자양3동,한식음식점,109,,,,,,,,,,,,,,,,
광진구,자양4동,한식음식점,146,,,,,,,,,,,,,,,,
광진구,구의1동,한식음식점,187,,,,,,,,,,,,,,,,
광진구,구의2동,한식음식점,115,,,,,,,,,,,,,,,,
광진구,구의3동,한식음식점,163,,,,,,,,,,,,,,,,
동대문구,용신동,한식음식점,368,,,,,,,,,,,,,,,,
동대문구,제기동,한식음식점,241,,,,,,,,,,,,,,,,
동대문구,전농1동,한식음식점,185,,,,,,,,,,,,,,,,
동대문구,전농2동,한식음식점,46,,,,,,,,,,,,,,,,
동대문구,답십리1동,한식음식점,124,,,,,,,,,,,,,,,,
동대문구,답십리2동,한식음식점,95,,,,,,,,,,,,,,,,
동대문구,장안1동,한식음식점,303,,,,,,,,,,,,,,,,
동대문구,장안2동,한식음식점,261,,,,,,,,,,,,,,,,
동대문구,청량리동,한식음식점,169,,,,,,,,,,,,,,,,
동대문구,회기동,한식음식점,152,,,,,,,,,,,,,,,,
동대문구,휘경1동,한식음식점,71,,,,,,,,,,,,,,,,
동대문구,휘경2동,한식음식점,49,,,,,,,,,,,,,,,,
동대문구,이문1동,한식음식점,126,,,,,,,,,,,,,,,,
동대문구,이문2동,한식음식점,36,,,,,,,,,,,,,,,,
중랑구,면목2동,한식음식점,169,,,,,,,,,,,,,,,,
중랑구,면목4동,한식음식점,54,,,,,,,,,,,,,,,,
중랑구,면목5동,한식음식점,48,,,,,,,,,,,,,,,,
중랑구,면목본동,한식음식점,203,,,,,,,,,,,,,,,,
중랑구,면목7동,한식음식점,111,,,,,,,,,,,,,,,,
중랑구,면목3.8동,한식음식점,193,,,,,,,,,,,,,,,,
중랑구,상봉1동,한식음식점,47,,,,,,,,,,,,,,,,
중랑구,상봉2동,한식음식점,273,,,,,,,,,,,,,,,,
중랑구,중화1동,한식음식점,41,,,,,,,,,,,,,,,,
중랑구,중화2동,한식음식점,198,,,,,,,,,,,,,,,,
중랑구,묵1동,한식음식점,114,,,,,,,,,,,,,,,,
중랑구,묵2동,한식음식점,113,,,,,,,,,,,,,,,,
중랑구,망우본동,한식음식점,256,,,,,,,,,,,,,,,,
중랑구,망우3동,한식음식점,64,,,,,,,,,,,,,,,,
중랑구,신내1동,한식음식점,132,,,,,,,,,,,,,,,,
중랑구,신내2동,한식음식점,52,,,,,,,,,,,,,,,,
성북구,성북동,한식음식점,64,,,,,,,,,,,,,,,,
성북구,삼선동,한식음식점,229,,,,,,,,,,,,,,,,
성북구,동선동,한식음식점,188,,,,,,,,,,,,,,,,
성북구,돈암1동,한식음식점,11,,,,,,,,,,,,,,,,
성북구,돈암2동,한식음식점,1,,,,,,,,,,,,,,,,
성북구,안암동,한식음식점,137,,,,,,,,,,,,,,,,
성북구,보문동,한식음식점,100,,,,,,,,,,,,,,,,
성북구,정릉1동,한식음식점,54,,,,,,,,,,,,,,,,
성북구,정릉2동,한식음식점,57,,,,,,,,,,,,,,,,
성북구,정릉3동,한식음식점,65,,,,,,,,,,,,,,,,
성북구,정릉4동,한식음식점,74,,,,,,,,,,,,,,,,
성북구,길음1동,한식음식점,41,,,,,,,,,,,,,,,,
성북구,길음2동,한식음식점,40,,,,,,,,,,,,,,,,
성북구,종암동,한식음식점,142,,,,,,,,,,,,,,,,
성북구,월곡1동,한식음식점,101,,,,,,,,,,,,,,,,
성북구,월곡2동,한식음식점,123,,,,,,,,,,,,,,,,
성북구,장위1동,한식음식점,69,,,,,,,,,,,,,,,,
성북구,장위2동,한식음식점,84,,,,,,,,,,,,,,,,
성북구,장위3동,한식음식점,39,,,,,,,,,,,,,,,,
성북구,석관동,한식음식점,176,,,,,,,,,,,,,,,,
강북구,삼양동,한식음식점,57,,,,,,,,,,,,,,,,
강북구,미아동,한식음식점,154,,,,,,,,,,,,,,,,
강북구,송중동,한식음식점,214,,,,,,,,,,,,,,,,
강북구,송천동,한식음식점,212,,,,,,,,,,,,,,,,
강북구,삼각산동,한식음식점,53,,,,,,,,,,,,,,,,
강북구,번1동,한식음식점,166,,,,,,,,,,,,,,,,
강북구,번2동,한식음식점,26,,,,,,,,,,,,,,,,
강북구,번3동,한식음식점,35,,,,,,,,,,,,,,,,
강북구,수유1동,한식음식점,135,,,,,,,,,,,,,,,,
강북구,수유2동,한식음식점,101,,,,,,,,,,,,,,,,
강북구,수유3동,한식음식점,345,,,,,,,,,,,,,,,,
강북구,우이동,한식음식점,192,,,,,,,,,,,,,,,,
강북구,인수동,한식음식점,104,,,,,,,,,,,,,,,,
도봉구,창1동,한식음식점,75,,,,,,,,,,,,,,,,
도봉구,창2동,한식음식점,74,,,,,,,,,,,,,,,,
도봉구,창3동,한식음식점,74,,,,,,,,,,,,,,,,
도봉구,창4동,한식음식점,86,,,,,,,,,,,,,,,,
도봉구,창5동,한식음식점,98,,,,,,,,,,,,,,,,
도봉구,도봉1동,한식음식점,233,,,,,,,,,,,,,,,,
도봉구,도봉2동,한식음식점,95,,,,,,,,,,,,,,,,
도봉구,쌍문1동,한식음식점,44,,,,,,,,,,,,,,,,
도봉구,쌍문2동,한식음식점,96,,,,,,,,,,,,,,,,
도봉구,쌍문3동,한식음식점,74,,,,,,,,,,,,,,,,
도봉구,쌍문4동,한식음식점,13,,,,,,,,,,,,,,,,
도봉구,방학1동,한식음식점,247,,,,,,,,,,,,,,,,
도봉구,방학2동,한식음식점,85,,,,,,,,,,,,,,,,
도봉구,방학3동,한식음식점,48,,,,,,,,,,,,,,,,
노원구,월계1동,한식음식점,158,,,,,,,,,,,,,,,,
노원구,월계2동,한식음식점,35,,,,,,,,,,,,,,,,
노원구,월계3동,한식음식점,25,,,,,,,,,,,,,,,,
노원구,공릉1동,한식음식점,254,,,,,,,,,,,,,,,,
노원구,공릉2동,한식음식점,134,,,,,,,,,,,,,,,,
노원구,하계1동,한식음식점,77,,,,,,,,,,,,,,,,
노원구,하계2동,한식음식점,14,,,,,,,,,,,,,,,,
노원구,중계본동,한식음식점,65,,,,,,,,,,,,,,,,
노원구,중계1동,한식음식점,41,,,,,,,,,,,,,,,,
노원구,중계4동,한식음식점,108,,,,,,,,,,,,,,,,
노원구,중계2.3동,한식음식점,59,,,,,,,,,,,,,,,,
노원구,상계1동,한식음식점,188,,,,,,,,,,,,,,,,
노원구,상계2동,한식음식점,274,,,,,,,,,,,,,,,,
노원구,상계3.4동,한식음식점,111,,,,,,,,,,,,,,,,
노원구,상계5동,한식음식점,98,,,,,,,,,,,,,,,,
노원구,상계6.7동,한식음식점,127,,,,,,,,,,,,,,,,
노원구,상계8동,한식음식점,15,,,,,,,,,,,,,,,,
노원구,상계9동,한식음식점,26,,,,,,,,,,,,,,,,
노원구,상계10동,한식음식점,7,,,,,,,,,,,,,,,,
은평구,녹번동,한식음식점,150,,,,,,,,,,,,,,,,
은평구,불광1동,한식음식점,106,,,,,,,,,,,,,,,,
은평구,불광2동,한식음식점,166,,,,,,,,,,,,,,,,
은평구,갈현1동,한식음식점,181,,,,,,,,,,,,,,,,
은평구,갈현2동,한식음식점,149,,,,,,,,,,,,,,,,
은평구,구산동,한식음식점,52,,,,,,,,,,,,,,,,
은평구,대조동,한식음식점,210,,,,,,,,,,,,,,,,
은평구,응암1동,한식음식점,111,,,,,,,,,,,,,,,,
은평구,응암2동,한식음식점,26,,,,,,,,,,,,,,,,
은평구,응암3동,한식음식점,223,,,,,,,,,,,,,,,,
은평구,역촌동,한식음식점,182,,,,,,,,,,,,,,,,
은평구,신사1동,한식음식점,79,,,,,,,,,,,,,,,,
은평구,신사2동,한식음식점,33,,,,,,,,,,,,,,,,
은평구,증산동,한식음식점,90,,,,,,,,,,,,,,,,
은평구,수색동,한식음식점,38,,,,,,,,,,,,,,,,
은평구,진관동,한식음식점,143,,,,,,,,,,,,,,,,
서대문구,천연동,한식음식점,78,,,,,,,,,,,,,,,,
서대문구,북아현동,한식음식점,38,,,,,,,,,,,,,,,,
서대문구,충현동,한식음식점,194,,,,,,,,,,,,,,,,
서대문구,신촌동,한식음식점,427,,,,,,,,,,,,,,,,
서대문구,연희동,한식음식점,144,,,,,,,,,,,,,,,,
서대문구,홍제1동,한식음식점,83,,,,,,,,,,,,,,,,
서대문구,홍제3동,한식음식점,113,,,,,,,,,,,,,,,,
서대문구,홍제2동,한식음식점,39,,,,,,,,,,,,,,,,
서대문구,홍은1동,한식음식점,70,,,,,,,,,,,,,,,,
서대문구,홍은2동,한식음식점,84,,,,,,,,,,,,,,,,
서대문구,남가좌1동,한식음식점,70,,,,,,,,,,,,,,,,
서대문구,남가좌2동,한식음식점,116,,,,,,,,,,,,,,,,
서대문구,북가좌1동,한식음식점,21,,,,,,,,,,,,,,,,
서대문구,북가좌2동,한식음식점,105,,,,,,,,,,,,,,,,
마포구,아현동,한식음식점,254,,,,,,,,,,,,,,,,
마포구,공덕동,한식음식점,97,,,,,,,,,,,,,,,,
마포구,도화동,한식음식점,170,,,,,,,,,,,,,,,,
마포구,용강동,한식음식점,200,,,,,,,,,,,,,,,,
마포구,대흥동,한식음식점,126,,,,,,,,,,,,,,,,
마포구,염리동,한식음식점,62,,,,,,,,,,,,,,,,
마포구,신수동,한식음식점,82,,,,,,,,,,,,,,,,
마포구,서강동,한식음식점,151,,,,,,,,,,,,,,,,
마포구,서교동,한식음식점,759,,,,,,,,,,,,,,,,
마포구,합정동,한식음식점,178,,,,,,,,,,,,,,,,
마포구,망원1동,한식음식점,149,,,,,,,,,,,,,,,,
마포구,망원2동,한식음식점,97,,,,,,,,,,,,,,,,
마포구,연남동,한식음식점,138,,,,,,,,,,,,,,,,
마포구,성산1동,한식음식점,98,,,,,,,,,,,,,,,,
마포구,성산2동,한식음식점,95,,,,,,,,,,,,,,,,
마포구,상암동,한식음식점,274,,,,,,,,,,,,,,,,
양천구,목1동,한식음식점,202,,,,,,,,,,,,,,,,
양천구,목2동,한식음식점,76,,,,,,,,,,,,,,,,
양천구,목3동,한식음식점,86,,,,,,,,,,,,,,,,
양천구,목4동,한식음식점,112,,,,,,,,,,,,,,,,
양천구,목5동,한식음식점,64,,,,,,,,,,,,,,,,
양천구,신월1동,한식음식점,136,,,,,,,,,,,,,,,,
양천구,신월2동,한식음식점,45,,,,,,,,,,,,,,,,
양천구,신월3동,한식음식점,62,,,,,,,,,,,,,,,,
양천구,신월4동,한식음식점,77,,,,,,,,,,,,,,,,
양천구,신월5동,한식음식점,73,,,,,,,,,,,,,,,,
양천구,신월6동,한식음식점,37,,,,,,,,,,,,,,,,
양천구,신월7동,한식음식점,79,,,,,,,,,,,,,,,,
양천구,신정1동,한식음식점,93,,,,,,,,,,,,,,,,
양천구,신정2동,한식음식점,78,,,,,,,,,,,,,,,,
양천구,신정3동,한식음식점,84,,,,,,,,,,,,,,,,
양천구,신정4동,한식음식점,189,,,,,,,,,,,,,,,,
양천구,신정6동,한식음식점,16,,,,,,,,,,,,,,,,
양천구,신정7동,한식음식점,48,,,,,,,,,,,,,,,,
강서구,염창동,한식음식점,104,,,,,,,,,,,,,,,,
강서구,등촌1동,한식음식점,135,,,,,,,,,,,,,,,,
강서구,등촌2동,한식음식점,43,,,,,,,,,,,,,,,,
강서구,등촌3동,한식음식점,158,,,,,,,,,,,,,,,,
강서구,화곡1동,한식음식점,239,,,,,,,,,,,,,,,,
강서구,화곡2동,한식음식점,29,,,,,,,,,,,,,,,,
강서구,화곡3동,한식음식점,108,,,,,,,,,,,,,,,,
강서구,화곡4동,한식음식점,129,,,,,,,,,,,,,,,,
강서구,화곡본동,한식음식점,117,,,,,,,,,,,,,,,,
강서구,화곡6동,한식음식점,196,,,,,,,,,,,,,,,,
강서구,화곡8동,한식음식점,92,,,,,,,,,,,,,,,,
강서구,가양1동,한식음식점,441,,,,,,,,,,,,,,,,
강서구,가양2동,한식음식점,33,,,,,,,,,,,,,,,,
강서구,가양3동,한식음식점,16,,,,,,,,,,,,,,,,
강서구,발산1동,한식음식점,139,,,,,,,,,,,,,,,,
강서구,우장산동,한식음식점,93,,,,,,,,,,,,,,,,
강서구,공항동,한식음식점,156,,,,,,,,,,,,,,,,
강서구,방화1동,한식음식점,160,,,,,,,,,,,,,,,,
강서구,방화2동,한식음식점,123,,,,,,,,,,,,,,,,
강서구,방화3동,한식음식점,47,,,,,,,,,,,,,,,,
구로구,신도림동,한식음식점,136,,,,,,,,,,,,,,,,
구로구,구로1동,한식음식점,37,,,,,,,,,,,,,,,,
구로구,구로2동,한식음식점,272,,,,,,,,,,,,,,,,
구로구,구로3동,한식음식점,350,,,,,,,,,,,,,,,,
구로구,구로4동,한식음식점,181,,,,,,,,,,,,,,,,
구로구,구로5동,한식음식점,255,,,,,,,,,,,,,,,,
구로구,가리봉동,한식음식점,83,,,,,,,,,,,,,,,,
구로구,고척1동,한식음식점,130,,,,,,,,,,,,,,,,
구로구,고척2동,한식음식점,94,,,,,,,,,,,,,,,,
구로구,개봉1동,한식음식점,138,,,,,,,,,,,,,,,,
구로구,개봉2동,한식음식점,66,,,,,,,,,,,,,,,,
구로구,개봉3동,한식음식점,74,,,,,,,,,,,,,,,,
구로구,오류1동,한식음식점,101,,,,,,,,,,,,,,,,
구로구,오류2동,한식음식점,94,,,,,,,,,,,,,,,,
구로구,수궁동,한식음식점,73,,,,,,,,,,,,,,,,
금천구,가산동,한식음식점,513,,,,,,,,,,,,,,,,
금천구,독산1동,한식음식점,228,,,,,,,,,,,,,,,,
금천구,독산2동,한식음식점,93,,,,,,,,,,,,,,,,
금천구,독산3동,한식음식점,157,,,,,,,,,,,,,,,,
금천구,독산4동,한식음식점,93,,,,,,,,,,,,,,,,
금천구,시흥1동,한식음식점,272,,,,,,,,,,,,,,,,
금천구,시흥2동,한식음식점,8,,,,,,,,,,,,,,,,
금천구,시흥3동,한식음식점,79,,,,,,,,,,,,,,,,
금천구,시흥4동,한식음식점,42,,,,,,,,,,,,,,,,
금천구,시흥5동,한식음식점,75,,,,,,,,,,,,,,,,
영등포구,영등포본동,한식음식점,106,,,,,,,,,,,,,,,,
영등포구,영등포동,한식음식점,465,,,,,,,,,,,,,,,,
영등포구,여의동,한식음식점,782,,,,,,,,,,,,,,,,
영등포구,당산1동,한식음식점,269,,,,,,,,,,,,,,,,
영등포구,당산2동,한식음식점,156,,,,,,,,,,,,,,,,
영등포구,도림동,한식음식점,62,,,,,,,,,,,,,,,,
영등포구,문래동,한식음식점,264,,,,,,,,,,,,,,,,
영등포구,양평1동,한식음식점,146,,,,,,,,,,,,,,,,
영등포구,양평2동,한식음식점,152,,,,,,,,,,,,,,,,
영등포구,신길1동,한식음식점,101,,,,,,,,,,,,,,,,
영등포구,신길3동,한식음식점,68,,,,,,,,,,,,,,,,
영등포구,신길4동,한식음식점,31,,,,,,,,,,,,,,,,
영등포구,신길5동,한식음식점,36,,,,,,,,,,,,,,,,
영등포구,신길6동,한식음식점,96,,,,,,,,,,,,,,,,
영등포구,신길7동,한식음식점,42,,,,,,,,,,,,,,,,
영등포구,대림1동,한식음식점,88,,,,,,,,,,,,,,,,
영등포구,대림2동,한식음식점,79,,,,,,,,,,,,,,,,
영등포구,대림3동,한식음식점,124,,,,,,,,,,,,,,,,
동작구,노량진1동,한식음식점,173,,,,,,,,,,,,,,,,
동작구,노량진2동,한식음식점,111,,,,,,,,,,,,,,,,
동작구,상도1동,한식음식점,141,,,,,,,,,,,,,,,,
동작구,상도2동,한식음식점,99,,,,,,,,,,,,,,,,
동작구,상도3동,한식음식점,62,,,,,,,,,,,,,,,,
동작구,상도4동,한식음식점,67,,,,,,,,,,,,,,,,
동작구,흑석동,한식음식점,153,,,,,,,,,,,,,,,,
동작구,사당1동,한식음식점,183,,,,,,,,,,,,,,,,
동작구,사당2동,한식음식점,174,,,,,,,,,,,,,,,,
동작구,사당3동,한식음식점,66,,,,,,,,,,,,,,,,
동작구,사당4동,한식음식점,35,,,,,,,,,,,,,,,,
동작구,사당5동,한식음식점,26,,,,,,,,,,,,,,,,
동작구,대방동,한식음식점,93,,,,,,,,,,,,,,,,
동작구,신대방1동,한식음식점,69,,,,,,,,,,,,,,,,
동작구,신대방2동,한식음식점,125,,,,,,,,,,,,,,,,
관악구,보라매동,한식음식점,105,,,,,,,,,,,,,,,,
관악구,청림동,한식음식점,27,,,,,,,,,,,,,,,,
관악구,성현동,한식음식점,35,,,,,,,,,,,,,,,,
관악구,행운동,한식음식점,114,,,,,,,,,,,,,,,,
관악구,낙성대동,한식음식점,200,,,,,,,,,,,,,,,,
관악구,청룡동,한식음식점,165,,,,,,,,,,,,,,,,
관악구,은천동,한식음식점,153,,,,,,,,,,,,,,,,
관악구,중앙동,한식음식점,98,,,,,,,,,,,,,,,,
관악구,인헌동,한식음식점,97,,,,,,,,,,,,,,,,
관악구,남현동,한식음식점,98,,,,,,,,,,,,,,,,
관악구,서원동,한식음식점,180,,,,,,,,,,,,,,,,
관악구,신원동,한식음식점,89,,,,,,,,,,,,,,,,
관악구,서림동,한식음식점,73,,,,,,,,,,,,,,,,
관악구,신사동,한식음식점,105,,,,,,,,,,,,,,,,
관악구,신림동,한식음식점,213,,,,,,,,,,,,,,,,
관악구,난향동,한식음식점,12,,,,,,,,,,,,,,,,
관악구,조원동,한식음식점,179,,,,,,,,,,,,,,,,
관악구,대학동,한식음식점,176,,,,,,,,,,,,,,,,
관악구,삼성동,한식음식점,69,,,,,,,,,,,,,,,,
관악구,미성동,한식음식점,97,,,,,,,,,,,,,,,,
관악구,난곡동,한식음식점,49,,,,,,,,,,,,,,,,
서초구,서초1동,한식음식점,189,,,,,,,,,,,,,,,,
서초구,서초2동,한식음식점,224,,,,,,,,,,,,,,,,
서초구,서초3동,한식음식점,508,,,,,,,,,,,,,,,,
서초구,서초4동,한식음식점,195,,,,,,,,,,,,,,,,
서초구,잠원동,한식음식점,202,,,,,,,,,,,,,,,,
서초구,반포본동,한식음식점,28,,,,,,,,,,,,,,,,
서초구,반포1동,한식음식점,121,,,,,,,,,,,,,,,,
서초구,반포2동,한식음식점,9,,,,,,,,,,,,,,,,
서초구,반포3동,한식음식점,40,,,,,,,,,,,,,,,,
서초구,반포4동,한식음식점,161,,,,,,,,,,,,,,,,
서초구,방배본동,한식음식점,110,,,,,,,,,,,,,,,,
서초구,방배1동,한식음식점,117,,,,,,,,,,,,,,,,
서초구,방배2동,한식음식점,172,,,,,,,,,,,,,,,,
서초구,방배3동,한식음식점,47,,,,,,,,,,,,,,,,
서초구,방배4동,한식음식점,117,,,,,,,,,,,,,,,,
서초구,양재1동,한식음식점,239,,,,,,,,,,,,,,,,
서초구,양재2동,한식음식점,335,,,,,,,,,,,,,,,,
서초구,내곡동,한식음식점,53,,,,,,,,,,,,,,,,
강남구,신사동,한식음식점,295,,,,,,,,,,,,,,,,
강남구,논현1동,한식음식점,412,,,,,,,,,,,,,,,,
강남구,논현2동,한식음식점,472,,,,,,,,,,,,,,,,
강남구,압구정동,한식음식점,285,,,,,,,,,,,,,,,,
강남구,청담동,한식음식점,227,,,,,,,,,,,,,,,,
강남구,삼성1동,한식음식점,293,,,,,,,,,,,,,,,,
강남구,삼성2동,한식음식점,182,,,,,,,,,,,,,,,,
강남구,대치1동,한식음식점,56,,,,,,,,,,,,,,,,
강남구,대치2동,한식음식점,234,,,,,,,,,,,,,,,,
강남구,대치4동,한식음식점,299,,,,,,,,,,,,,,,,
강남구,역삼1동,한식음식점,1085,,,,,,,,,,,,,,,,
강남구,역삼2동,한식음식점,220,,,,,,,,,,,,,,,,
강남구,도곡1동,한식음식점,87,,,,,,,,,,,,,,,,
강남구,도곡2동,한식음식점,108,,,,,,,,,,,,,,,,
강남구,개포1동,한식음식점,4,,,,,,,,,,,,,,,,
강남구,개포2동,한식음식점,63,,,,,,,,,,,,,,,,
강남구,개포4동,한식음식점,103,,,,,,,,,,,,,,,,
강남구,세곡동,한식음식점,78,,,,,,,,,,,,,,,,
강남구,일원본동,한식음식점,18,,,,,,,,,,,,,,,,
강남구,일원1동,한식음식점,81,,,,,,,,,,,,,,,,
강남구,일원2동,한식음식점,28,,,,,,,,,,,,,,,,
강남구,수서동,한식음식점,95,,,,,,,,,,,,,,,,
송파구,풍납1동,한식음식점,66,,,,,,,,,,,,,,,,
송파구,풍납2동,한식음식점,67,,,,,,,,,,,,,,,,
송파구,거여1동,한식음식점,48,,,,,,,,,,,,,,,,
송파구,거여2동,한식음식점,54,,,,,,,,,,,,,,,,
송파구,마천1동,한식음식점,71,,,,,,,,,,,,,,,,
송파구,마천2동,한식음식점,107,,,,,,,,,,,,,,,,
송파구,방이1동,한식음식점,136,,,,,,,,,,,,,,,,
송파구,방이2동,한식음식점,312,,,,,,,,,,,,,,,,
송파구,오륜동,한식음식점,18,,,,,,,,,,,,,,,,
송파구,오금동,한식음식점,142,,,,,,,,,,,,,,,,
송파구,송파1동,한식음식점,148,,,,,,,,,,,,,,,,
송파구,송파2동,한식음식점,41,,,,,,,,,,,,,,,,
송파구,석촌동,한식음식점,242,,,,,,,,,,,,,,,,
송파구,삼전동,한식음식점,155,,,,,,,,,,,,,,,,
송파구,가락본동,한식음식점,294,,,,,,,,,,,,,,,,
송파구,가락1동,한식음식점,75,,,,,,,,,,,,,,,,
송파구,가락2동,한식음식점,120,,,,,,,,,,,,,,,,
송파구,문정1동,한식음식점,95,,,,,,,,,,,,,,,,
송파구,문정2동,한식음식점,293,,,,,,,,,,,,,,,,
송파구,장지동,한식음식점,79,,,,,,,,,,,,,,,,
송파구,위례동,한식음식점,48,,,,,,,,,,,,,,,,
송파구,잠실본동,한식음식점,358,,,,,,,,,,,,,,,,
송파구,잠실2동,한식음식점,24,,,,,,,,,,,,,,,,
송파구,잠실3동,한식음식점,48,,,,,,,,,,,,,,,,
송파구,잠실4동,한식음식점,8,,,,,,,,,,,,,,,,
송파구,잠실6동,한식음식점,148,,,,,,,,,,,,,,,,
송파구,잠실7동,한식음식점,4,,,,,,,,,,,,,,,,
강동구,강일동,한식음식점,32,,,,,,,,,,,,,,,,
강동구,상일동,한식음식점,84,,,,,,,,,,,,,,,,
강동구,명일1동,한식음식점,131,,,,,,,,,,,,,,,,
강동구,명일2동,한식음식점,59,,,,,,,,,,,,,,,,
강동구,고덕1동,한식음식점,41,,,,,,,,,,,,,,,,
강동구,고덕2동,한식음식점,55,,,,,,,,,,,,,,,,
강동구,암사1동,한식음식점,144,,,,,,,,,,,,,,,,
강동구,암사2동,한식음식점,64,,,,,,,,,,,,,,,,
강동구,암사3동,한식음식점,18,,,,,,,,,,,,,,,,
강동구,천호1동,한식음식점,103,,,,,,,,,,,,,,,,
강동구,천호2동,한식음식점,318,,,,,,,,,,,,,,,,
강동구,천호3동,한식음식점,142,,,,,,,,,,,,,,,,
강동구,성내1동,한식음식점,155,,,,,,,,,,,,,,,,
강동구,성내2동,한식음식점,148,,,,,,,,,,,,,,,,
강동구,성내3동,한식음식점,260,,,,,,,,,,,,,,,,
강동구,길동,한식음식점,333,,,,,,,,,,,,,,,,
강동구,둔촌1동,한식음식점,1,,,,,,,,,,,,,,,,
강동구,둔촌2동,한식음식점,116,,,,,,,,,,,,,,,,
종로구,청운효자동,PC방,2,,,,,,,,,,,,,,,,
종로구,사직동,PC방,1,,,,,,,,,,,,,,,,
종로구,삼청동,PC방,0,,,,,,,,,,,,,,,,
종로구,부암동,PC방,3,,,,,,,,,,,,,,,,
종로구,평창동,PC방,2,,,,,,,,,,,,,,,,
종로구,무악동,PC방,1,,,,,,,,,,,,,,,,
종로구,교남동,PC방,1,,,,,,,,,,,,,,,,
종로구,가회동,PC방,0,,,,,,,,,,,,,,,,
종로구,종로1.2.3.4가동,PC방,8,,,,,,,,,,,,,,,,
종로구,종로5.6가동,PC방,3,,,,,,,,,,,,,,,,
종로구,이화동,PC방,2,,,,,,,,,,,,,,,,
종로구,혜화동,PC방,11,,,,,,,,,,,,,,,,
종로구,창신1동,PC방,5,,,,,,,,,,,,,,,,
종로구,창신2동,PC방,2,,,,,,,,,,,,,,,,
종로구,창신3동,PC방,0,,,,,,,,,,,,,,,,
종로구,숭인1동,PC방,1,,,,,,,,,,,,,,,,
종로구,숭인2동,PC방,4,,,,,,,,,,,,,,,,
중구,소공동,PC방,1,,,,,,,,,,,,,,,,
중구,회현동,PC방,0,,,,,,,,,,,,,,,,
중구,명동,PC방,2,,,,,,,,,,,,,,,,
중구,필동,PC방,4,,,,,,,,,,,,,,,,
중구,장충동,PC방,1,,,,,,,,,,,,,,,,
중구,광희동,PC방,4,,,,,,,,,,,,,,,,
중구,을지로동,PC방,1,,,,,,,,,,,,,,,,
중구,신당동,PC방,1,,,,,,,,,,,,,,,,
중구,다산동,PC방,1,,,,,,,,,,,,,,,,
중구,약수동,PC방,5,,,,,,,,,,,,,,,,
중구,청구동,PC방,2,,,,,,,,,,,,,,,,
중구,신당5동,PC방,4,,,,,,,,,,,,,,,,
중구,동화동,PC방,4,,,,,,,,,,,,,,,,
중구,황학동,PC방,0,,,,,,,,,,,,,,,,
중구,중림동,PC방,4,,,,,,,,,,,,,,,,
용산구,후암동,PC방,2,,,,,,,,,,,,,,,,
용산구,용산2가동,PC방,0,,,,,,,,,,,,,,,,
용산구,남영동,PC방,9,,,,,,,,,,,,,,,,
용산구,청파동,PC방,6,,,,,,,,,,,,,,,,
용산구,원효로1동,PC방,1,,,,,,,,,,,,,,,,
용산구,원효로2동,PC방,0,,,,,,,,,,,,,,,,
용산구,효창동,PC방,0,,,,,,,,,,,,,,,,
용산구,용문동,PC방,1,,,,,,,,,,,,,,,,
용산구,한강로동,PC방,0,,,,,,,,,,,,,,,,
용산구,이촌1동,PC방,2,,,,,,,,,,,,,,,,
용산구,이촌2동,PC방,0,,,,,,,,,,,,,,,,
용산구,이태원1동,PC방,0,,,,,,,,,,,,,,,,
용산구,이태원2동,PC방,0,,,,,,,,,,,,,,,,
용산구,한남동,PC방,4,,,,,,,,,,,,,,,,
용산구,서빙고동,PC방,0,,,,,,,,,,,,,,,,
용산구,보광동,PC방,2,,,,,,,,,,,,,,,,
성동구,왕십리2동,PC방,3,,,,,,,,,,,,,,,,
성동구,왕십리도선동,PC방,5,,,,,,,,,,,,,,,,
성동구,마장동,PC방,2,,,,,,,,,,,,,,,,
성동구,사근동,PC방,14,,,,,,,,,,,,,,,,
성동구,행당1동,PC방,1,,,,,,,,,,,,,,,,
성동구,행당2동,PC방,0,,,,,,,,,,,,,,,,
성동구,응봉동,PC방,1,,,,,,,,,,,,,,,,
성동구,금호1가동,PC방,2,,,,,,,,,,,,,,,,
성동구,금호2.3가동,PC방,1,,,,,,,,,,,,,,,,
성동구,금호4가동,PC방,4,,,,,,,,,,,,,,,,
성동구,옥수동,PC방,1,,,,,,,,,,,,,,,,
성동구,성수1가1동,PC방,3,,,,,,,,,,,,,,,,
성동구,성수1가2동,PC방,1,,,,,,,,,,,,,,,,
성동구,성수2가1동,PC방,7,,,,,,,,,,,,,,,,
성동구,성수2가3동,PC방,7,,,,,,,,,,,,,,,,
성동구,송정동,PC방,1,,,,,,,,,,,,,,,,
성동구,용답동,PC방,3,,,,,,,,,,,,,,,,
광진구,화양동,PC방,14,,,,,,,,,,,,,,,,
광진구,군자동,PC방,5,,,,,,,,,,,,,,,,
광진구,중곡1동,PC방,6,,,,,,,,,,,,,,,,
광진구,중곡2동,PC방,4,,,,,,,,,,,,,,,,
광진구,중곡3동,PC방,8,,,,,,,,,,,,,,,,
광진구,중곡4동,PC방,6,,,,,,,,,,,,,,,,
광진구,능동,PC방,3,,,,,,,,,,,,,,,,
광진구,광장동,PC방,1,,,,,,,,,,,,,,,,
광진구,자양1동,PC방,5,,,,,,,,,,,,,,,,
광진구,자양2동,PC방,6,,,,,,,,,,,,,,,,
광진구,자양3동,PC방,3,,,,,,,,,,,,,,,,
광진구,자양4동,PC방,6,,,,,,,,,,,,,,,,
광진구,구의1동,PC방,8,,,,,,,,,,,,,,,,
광진구,구의2동,PC방,4,,,,,,,,,,,,,,,,
광진구,구의3동,PC방,9,,,,,,,,,,,,,,,,
동대문구,용신동,PC방,6,,,,,,,,,,,,,,,,
동대문구,제기동,PC방,3,,,,,,,,,,,,,,,,
동대문구,전농1동,PC방,12,,,,,,,,,,,,,,,,
동대문구,전농2동,PC방,4,,,,,,,,,,,,,,,,
동대문구,답십리1동,PC방,5,,,,,,,,,,,,,,,,
동대문구,답십리2동,PC방,3,,,,,,,,,,,,,,,,
동대문구,장안1동,PC방,13,,,,,,,,,,,,,,,,
동대문구,장안2동,PC방,6,,,,,,,,,,,,,,,,
동대문구,청량리동,PC방,4,,,,,,,,,,,,,,,,
동대문구,회기동,PC방,9,,,,,,,,,,,,,,,,
동대문구,휘경1동,PC방,3,,,,,,,,,,,,,,,,
동대문구,휘경2동,PC방,3,,,,,,,,,,,,,,,,
동대문구,이문1동,PC방,14,,,,,,,,,,,,,,,,
동대문구,이문2동,PC방,1,,,,,,,,,,,,,,,,
중랑구,면목2동,PC방,2,,,,,,,,,,,,,,,,
중랑구,면목4동,PC방,0,,,,,,,,,,,,,,,,
중랑구,면목5동,PC방,3,,,,,,,,,,,,,,,,
중랑구,면목본동,PC방,5,,,,,,,,,,,,,,,,
중랑구,면목7동,PC방,4,,,,,,,,,,,,,,,,
중랑구,면목3.8동,PC방,14,,,,,,,,,,,,,,,,
중랑구,상봉1동,PC방,6,,,,,,,,,,,,,,,,
중랑구,상봉2동,PC방,15,,,,,,,,,,,,,,,,
중랑구,중화1동,PC방,0,,,,,,,,,,,,,,,,
중랑구,중화2동,PC방,5,,,,,,,,,,,,,,,,
중랑구,묵1동,PC방,4,,,,,,,,,,,,,,,,
중랑구,묵2동,PC방,2,,,,,,,,,,,,,,,,
중랑구,망우본동,PC방,8,,,,,,,,,,,,,,,,
중랑구,망우3동,PC방,2,,,,,,,,,,,,,,,,
중랑구,신내1동,PC방,8,,,,,,,,,,,,,,,,
중랑구,신내2동,PC방,1,,,,,,,,,,,,,,,,
성북구,성북동,PC방,2,,,,,,,,,,,,,,,,
성북구,삼선동,PC방,5,,,,,,,,,,,,,,,,
성북구,동선동,PC방,8,,,,,,,,,,,,,,,,
성북구,돈암1동,PC방,1,,,,,,,,,,,,,,,,
성북구,돈암2동,PC방,0,,,,,,,,,,,,,,,,
성북구,안암동,PC방,14,,,,,,,,,,,,,,,,
성북구,보문동,PC방,3,,,,,,,,,,,,,,,,
성북구,정릉1동,PC방,1,,,,,,,,,,,,,,,,
성북구,정릉2동,PC방,5,,,,,,,,,,,,,,,,
성북구,정릉3동,PC방,3,,,,,,,,,,,,,,,,
성북구,정릉4동,PC방,6,,,,,,,,,,,,,,,,
성북구,길음1동,PC방,4,,,,,,,,,,,,,,,,
성북구,길음2동,PC방,1,,,,,,,,,,,,,,,,
성북구,종암동,PC방,8,,,,,,,,,,,,,,,,
성북구,월곡1동,PC방,4,,,,,,,,,,,,,,,,
성북구,월곡2동,PC방,5,,,,,,,,,,,,,,,,
성북구,장위1동,PC방,3,,,,,,,,,,,,,,,,
성북구,장위2동,PC방,2,,,,,,,,,,,,,,,,
성북구,장위3동,PC방,2,,,,,,,,,,,,,,,,
성북구,석관동,PC방,4,,,,,,,,,,,,,,,,
강북구,삼양동,PC방,10,,,,,,,,,,,,,,,,
강북구,미아동,PC방,6,,,,,,,,,,,,,,,,
강북구,송중동,PC방,6,,,,,,,,,,,,,,,,
강북구,송천동,PC방,1,,,,,,,,,,,,,,,,
강북구,삼각산동,PC방,3,,,,,,,,,,,,,,,,
강북구,번1동,PC방,7,,,,,,,,,,,,,,,,
강북구,번2동,PC방,1,,,,,,,,,,,,,,,,
강북구,번3동,PC방,5,,,,,,,,,,,,,,,,
강북구,수유1동,PC방,4,,,,,,,,,,,,,,,,
강북구,수유2동,PC방,7,,,,,,,,,,,,,,,,
강북구,수유3동,PC방,11,,,,,,,,,,,,,,,,
강북구,우이동,PC방,3,,,,,,,,,,,,,,,,
강북구,인수동,PC방,1,,,,,,,,,,,,,,,,
도봉구,창1동,PC방,1,,,,,,,,,,,,,,,,
도봉구,창2동,PC방,4,,,,,,,,,,,,,,,,
도봉구,창3동,PC방,2,,,,,,,,,,,,,,,,
도봉구,창4동,PC방,8,,,,,,,,,,,,,,,,
도봉구,창5동,PC방,5,,,,,,,,,,,,,,,,
도봉구,도봉1동,PC방,4,,,,,,,,,,,,,,,,
도봉구,도봉2동,PC방,0,,,,,,,,,,,,,,,,
도봉구,쌍문1동,PC방,1,,,,,,,,,,,,,,,,
도봉구,쌍문2동,PC방,4,,,,,,,,,,,,,,,,
도봉구,쌍문3동,PC방,4,,,,,,,,,,,,,,,,
도봉구,쌍문4동,PC방,3,,,,,,,,,,,,,,,,
도봉구,방학1동,PC방,11,,,,,,,,,,,,,,,,
도봉구,방학2동,PC방,0,,,,,,,,,,,,,,,,
도봉구,방학3동,PC방,0,,,,,,,,,,,,,,,,
노원구,월계1동,PC방,13,,,,,,,,,,,,,,,,
노원구,월계2동,PC방,0,,,,,,,,,,,,,,,,
노원구,월계3동,PC방,2,,,,,,,,,,,,,,,,
노원구,공릉1동,PC방,8,,,,,,,,,,,,,,,,
노원구,공릉2동,PC방,9,,,,,,,,,,,,,,,,
노원구,하계1동,PC방,2,,,,,,,,,,,,,,,,
노원구,하계2동,PC방,2,,,,,,,,,,,,,,,,
노원구,중계본동,PC방,5,,,,,,,,,,,,,,,,
노원구,중계1동,PC방,4,,,,,,,,,,,,,,,,
노원구,중계4동,PC방,7,,,,,,,,,,,,,,,,
노원구,중계2.3동,PC방,1,,,,,,,,,,,,,,,,
노원구,상계1동,PC방,9,,,,,,,,,,,,,,,,
노원구,상계2동,PC방,15,,,,,,,,,,,,,,,,
노원구,상계3.4동,PC방,5,,,,,,,,,,,,,,,,
노원구,상계5동,PC방,8,,,,,,,,,,,,,,,,
노원구,상계6.7동,PC방,4,,,,,,,,,,,,,,,,
노원구,상계8동,PC방,1,,,,,,,,,,,,,,,,
노원구,상계9동,PC방,1,,,,,,,,,,,,,,,,
노원구,상계10동,PC방,0,,,,,,,,,,,,,,,,
은평구,녹번동,PC방,7,,,,,,,,,,,,,,,,
은평구,불광1동,PC방,3,,,,,,,,,,,,,,,,
은평구,불광2동,PC방,6,,,,,,,,,,,,,,,,
은평구,갈현1동,PC방,7,,,,,,,,,,,,,,,,
은평구,갈현2동,PC방,9,,,,,,,,,,,,,,,,
은평구,구산동,PC방,0,,,,,,,,,,,,,,,,
은평구,대조동,PC방,4,,,,,,,,,,,,,,,,
은평구,응암1동,PC방,4,,,,,,,,,,,,,,,,
은평구,응암2동,PC방,0,,,,,,,,,,,,,,,,
은평구,응암3동,PC방,8,,,,,,,,,,,,,,,,
은평구,역촌동,PC방,15,,,,,,,,,,,,,,,,
은평구,신사1동,PC방,7,,,,,,,,,,,,,,,,
은평구,신사2동,PC방,0,,,,,,,,,,,,,,,,
은평구,증산동,PC방,3,,,,,,,,,,,,,,,,
은평구,수색동,PC방,1,,,,,,,,,,,,,,,,
은평구,진관동,PC방,4,,,,,,,,,,,,,,,,
서대문구,천연동,PC방,2,,,,,,,,,,,,,,,,
서대문구,북아현동,PC방,0,,,,,,,,,,,,,,,,
서대문구,충현동,PC방,4,,,,,,,,,,,,,,,,
서대문구,신촌동,PC방,23,,,,,,,,,,,,,,,,
서대문구,연희동,PC방,5,,,,,,,,,,,,,,,,
서대문구,홍제1동,PC방,2,,,,,,,,,,,,,,,,
서대문구,홍제3동,PC방,1,,,,,,,,,,,,,,,,
서대문구,홍제2동,PC방,4,,,,,,,,,,,,,,,,
서대문구,홍은1동,PC방,3,,,,,,,,,,,,,,,,
서대문구,홍은2동,PC방,8,,,,,,,,,,,,,,,,
서대문구,남가좌1동,PC방,1,,,,,,,,,,,,,,,,
서대문구,남가좌2동,PC방,10,,,,,,,,,,,,,,,,
서대문구,북가좌1동,PC방,0,,,,,,,,,,,,,,,,
서대문구,북가좌2동,PC방,8,,,,,,,,,,,,,,,,
마포구,아현동,PC방,3,,,,,,,,,,,,,,,,
마포구,공덕동,PC방,3,,,,,,,,,,,,,,,,
마포구,도화동,PC방,3,,,,,,,,,,,,,,,,
마포구,용강동,PC방,3,,,,,,,,,,,,,,,,
마포구,대흥동,PC방,7,,,,,,,,,,,,,,,,
마포구,염리동,PC방,0,,,,,,,,,,,,,,,,
마포구,신수동,PC방,0,,,,,,,,,,,,,,,,
마포구,서강동,PC방,4,,,,,,,,,,,,,,,,
마포구,서교동,PC방,20,,,,,,,,,,,,,,,,
마포구,합정동,PC방,4,,,,,,,,,,,,,,,,
마포구,망원1동,PC방,4,,,,,,,,,,,,,,,,
마포구,망원2동,PC방,6,,,,,,,,,,,,,,,,
마포구,연남동,PC방,3,,,,,,,,,,,,,,,,
마포구,성산1동,PC방,5,,,,,,,,,,,,,,,,
마포구,성산2동,PC방,2,,,,,,,,,,,,,,,,
마포구,상암동,PC방,4,,,,,,,,,,,,,,,,
양천구,목1동,PC방,5,,,,,,,,,,,,,,,,
양천구,목2동,PC방,6,,,,,,,,,,,,,,,,
양천구,목3동,PC방,5,,,,,,,,,,,,,,,,
양천구,목4동,PC방,4,,,,,,,,,,,,,,,,
양천구,목5동,PC방,2,,,,,,,,,,,,,,,,
양천구,신월1동,PC방,5,,,,,,,,,,,,,,,,
양천구,신월2동,PC방,2,,,,,,,,,,,,,,,,
양천구,신월3동,PC방,0,,,,,,,,,,,,,,,,
양천구,신월4동,PC방,0,,,,,,,,,,,,,,,,
양천구,신월5동,PC방,4,,,,,,,,,,,,,,,,
양천구,신월6동,PC방,1,,,,,,,,,,,,,,,,
양천구,신월7동,PC방,4,,,,,,,,,,,,,,,,
양천구,신정1동,PC방,1,,,,,,,,,,,,,,,,
양천구,신정2동,PC방,3,,,,,,,,,,,,,,,,
양천구,신정3동,PC방,4,,,,,,,,,,,,,,,,
양천구,신정4동,PC방,12,,,,,,,,,,,,,,,,
양천구,신정6동,PC방,2,,,,,,,,,,,,,,,,
양천구,신정7동,PC방,4,,,,,,,,,,,,,,,,
강서구,염창동,PC방,5,,,,,,,,,,,,,,,,
강서구,등촌1동,PC방,5,,,,,,,,,,,,,,,,
강서구,등촌2동,PC방,4,,,,,,,,,,,,,,,,
강서구,등촌3동,PC방,7,,,,,,,,,,,,,,,,
강서구,화곡1동,PC방,12,,,,,,,,,,,,,,,,
강서구,화곡2동,PC방,3,,,,,,,,,,,,,,,,
강서구,화곡3동,PC방,8,,,,,,,,,,,,,,,,
강서구,화곡4동,PC방,8,,,,,,,,,,,,,,,,
강서구,화곡본동,PC방,4,,,,,,,,,,,,,,,,
강서구,화곡6동,PC방,8,,,,,,,,,,,,,,,,
강서구,화곡8동,PC방,6,,,,,,,,,,,,,,,,
강서구,가양1동,PC방,6,,,,,,,,,,,,,,,,
강서구,가양2동,PC방,4,,,,,,,,,,,,,,,,
강서구,가양3동,PC방,0,,,,,,,,,,,,,,,,
강서구,발산1동,PC방,4,,,,,,,,,,,,,,,,
강서구,우장산동,PC방,4,,,,,,,,,,,,,,,,
강서구,공항동,PC방,4,,,,,,,,,,,,,,,,
강서구,방화1동,PC방,7,,,,,,,,,,,,,,,,
강서구,방화2동,PC방,7,,,,,,,,,,,,,,,,
강서구,방화3동,PC방,3,,,,,,,,,,,,,,,,
구로구,신도림동,PC방,2,,,,,,,,,,,,,,,,
구로구,구로1동,PC방,2,,,,,,,,,,,,,,,,
구로구,구로2동,PC방,8,,,,,,,,,,,,,,,,
구로구,구로3동,PC방,7,,,,,,,,,,,,,,,,
구로구,구로4동,PC방,6,,,,,,,,,,,,,,,,
구로구,구로5동,PC방,8,,,,,,,,,,,,,,,,
구로구,가리봉동,PC방,5,,,,,,,,,,,,,,,,
구로구,고척1동,PC방,4,,,,,,,,,,,,,,,,
구로구,고척2동,PC방,2,,,,,,,,,,,,,,,,
구로구,개봉1동,PC방,6,,,,,,,,,,,,,,,,
구로구,개봉2동,PC방,4,,,,,,,,,,,,,,,,
구로구,개봉3동,PC방,3,,,,,,,,,,,,,,,,
구로구,오류1동,PC방,8,,,,,,,,,,,,,,,,
구로구,오류2동,PC방,4,,,,,,,,,,,,,,,,
구로구,수궁동,PC방,7,,,,,,,,,,,,,,,,
금천구,가산동,PC방,8,,,,,,,,,,,,,,,,
금천구,독산1동,PC방,7,,,,,,,,,,,,,,,,
금천구,독산2동,PC방,6,,,,,,,,,,,,,,,,
금천구,독산3동,PC방,12,,,,,,,,,,,,,,,,
금천구,독산4동,PC방,4,,,,,,,,,,,,,,,,
금천구,시흥1동,PC방,12,,,,,,,,,,,,,,,,
금천구,시흥2동,PC방,0,,,,,,,,,,,,,,,,
금천구,시흥3동,PC방,1,,,,,,,,,,,,,,,,
금천구,시흥4동,PC방,5,,,,,,,,,,,,,,,,
금천구,시흥5동,PC방,5,,,,,,,,,,,,,,,,
영등포구,영등포본동,PC방,4,,,,,,,,,,,,,,,,
영등포구,영등포동,PC방,10,,,,,,,,,,,,,,,,
영등포구,여의동,PC방,4,,,,,,,,,,,,,,,,
영등포구,당산1동,PC방,3,,,,,,,,,,,,,,,,
영등포구,당산2동,PC방,3,,,,,,,,,,,,,,,,
영등포구,도림동,PC방,5,,,,,,,,,,,,,,,,
영등포구,문래동,PC방,4,,,,,,,,,,,,,,,,
영등포구,양평1동,PC방,2,,,,,,,,,,,,,,,,
영등포구,양평2동,PC방,2,,,,,,,,,,,,,,,,
영등포구,신길1동,PC방,9,,,,,,,,,,,,,,,,
영등포구,신길3동,PC방,4,,,,,,,,,,,,,,,,
영등포구,신길4동,PC방,1,,,,,,,,,,,,,,,,
영등포구,신길5동,PC방,2,,,,,,,,,,,,,,,,
영등포구,신길6동,PC방,3,,,,,,,,,,,,,,,,
영등포구,신길7동,PC방,3,,,,,,,,,,,,,,,,
영등포구,대림1동,PC방,5,,,,,,,,,,,,,,,,
영등포구,대림2동,PC방,9,,,,,,,,,,,,,,,,
영등포구,대림3동,PC방,9,,,,,,,,,,,,,,,,
동작구,노량진1동,PC방,17,,,,,,,,,,,,,,,,
동작구,노량진2동,PC방,6,,,,,,,,,,,,,,,,
동작구,상도1동,PC방,14,,,,,,,,,,,,,,,,
동작구,상도2동,PC방,7,,,,,,,,,,,,,,,,
동작구,상도3동,PC방,6,,,,,,,,,,,,,,,,
동작구,상도4동,PC방,3,,,,,,,,,,,,,,,,
동작구,흑석동,PC방,8,,,,,,,,,,,,,,,,
동작구,사당1동,PC방,8,,,,,,,,,,,,,,,,
동작구,사당2동,PC방,7,,,,,,,,,,,,,,,,
동작구,사당3동,PC방,2,,,,,,,,,,,,,,,,
동작구,사당4동,PC방,4,,,,,,,,,,,,,,,,
동작구,사당5동,PC방,1,,,,,,,,,,,,,,,,
동작구,대방동,PC방,6,,,,,,,,,,,,,,,,
동작구,신대방1동,PC방,3,,,,,,,,,,,,,,,,
동작구,신대방2동,PC방,3,,,,,,,,,,,,,,,,
관악구,보라매동,PC방,6,,,,,,,,,,,,,,,,
관악구,청림동,PC방,2,,,,,,,,,,,,,,,,
관악구,성현동,PC방,3,,,,,,,,,,,,,,,,
관악구,행운동,PC방,7,,,,,,,,,,,,,,,,
관악구,낙성대동,PC방,4,,,,,,,,,,,,,,,,
관악구,청룡동,PC방,9,,,,,,,,,,,,,,,,
관악구,은천동,PC방,3,,,,,,,,,,,,,,,,
관악구,중앙동,PC방,3,,,,,,,,,,,,,,,,
관악구,인헌동,PC방,4,,,,,,,,,,,,,,,,
관악구,남현동,PC방,2,,,,,,,,,,,,,,,,
관악구,서원동,PC방,9,,,,,,,,,,,,,,,,
관악구,신원동,PC방,2,,,,,,,,,,,,,,,,
관악구,서림동,PC방,7,,,,,,,,,,,,,,,,
관악구,신사동,PC방,8,,,,,,,,,,,,,,,,
관악구,신림동,PC방,11,,,,,,,,,,,,,,,,
관악구,난향동,PC방,2,,,,,,,,,,,,,,,,
관악구,조원동,PC방,9,,,,,,,,,,,,,,,,
관악구,대학동,PC방,23,,,,,,,,,,,,,,,,
관악구,삼성동,PC방,1,,,,,,,,,,,,,,,,
관악구,미성동,PC방,3,,,,,,,,,,,,,,,,
관악구,난곡동,PC방,6,,,,,,,,,,,,,,,,
서초구,서초1동,PC방,6,,,,,,,,,,,,,,,,
서초구,서초2동,PC방,4,,,,,,,,,,,,,,,,
서초구,서초3동,PC방,7,,,,,,,,,,,,,,,,
서초구,서초4동,PC방,3,,,,,,,,,,,,,,,,
서초구,잠원동,PC방,3,,,,,,,,,,,,,,,,
서초구,반포본동,PC방,1,,,,,,,,,,,,,,,,
서초구,반포1동,PC방,8,,,,,,,,,,,,,,,,
서초구,반포2동,PC방,0,,,,,,,,,,,,,,,,
서초구,반포3동,PC방,3,,,,,,,,,,,,,,,,
서초구,반포4동,PC방,5,,,,,,,,,,,,,,,,
서초구,방배본동,PC방,4,,,,,,,,,,,,,,,,
서초구,방배1동,PC방,8,,,,,,,,,,,,,,,,
서초구,방배2동,PC방,2,,,,,,,,,,,,,,,,
서초구,방배3동,PC방,0,,,,,,,,,,,,,,,,
서초구,방배4동,PC방,1,,,,,,,,,,,,,,,,
서초구,양재1동,PC방,7,,,,,,,,,,,,,,,,
서초구,양재2동,PC방,4,,,,,,,,,,,,,,,,
서초구,내곡동,PC방,0,,,,,,,,,,,,,,,,
강남구,신사동,PC방,4,,,,,,,,,,,,,,,,
강남구,논현1동,PC방,8,,,,,,,,,,,,,,,,
강남구,논현2동,PC방,8,,,,,,,,,,,,,,,,
강남구,압구정동,PC방,6,,,,,,,,,,,,,,,,
강남구,청담동,PC방,4,,,,,,,,,,,,,,,,
강남구,삼성1동,PC방,4,,,,,,,,,,,,,,,,
강남구,삼성2동,PC방,3,,,,,,,,,,,,,,,,
강남구,대치1동,PC방,5,,,,,,,,,,,,,,,,
강남구,대치2동,PC방,4,,,,,,,,,,,,,,,,
강남구,대치4동,PC방,8,,,,,,,,,,,,,,,,
강남구,역삼1동,PC방,31,,,,,,,,,,,,,,,,
강남구,역삼2동,PC방,6,,,,,,,,,,,,,,,,
강남구,도곡1동,PC방,0,,,,,,,,,,,,,,,,
강남구,도곡2동,PC방,2,,,,,,,,,,,,,,,,
강남구,개포1동,PC방,0,,,,,,,,,,,,,,,,
강남구,개포2동,PC방,1,,,,,,,,,,,,,,,,
강남구,개포4동,PC방,4,,,,,,,,,,,,,,,,
강남구,세곡동,PC방,3,,,,,,,,,,,,,,,,
강남구,일원본동,PC방,1,,,,,,,,,,,,,,,,
강남구,일원1동,PC방,8,,,,,,,,,,,,,,,,
강남구,일원2동,PC방,1,,,,,,,,,,,,,,,,
강남구,수서동,PC방,2,,,,,,,,,,,,,,,,
송파구,풍납1동,PC방,3,,,,,,,,,,,,,,,,
송파구,풍납2동,PC방,3,,,,,,,,,,,,,,,,
송파구,거여1동,PC방,5,,,,,,,,,,,,,,,,
송파구,거여2동,PC방,5,,,,,,,,,,,,,,,,
송파구,마천1동,PC방,3,,,,,,,,,,,,,,,,
송파구,마천2동,PC방,9,,,,,,,,,,,,,,,,
송파구,방이1동,PC방,3,,,,,,,,,,,,,,,,
송파구,방이2동,PC방,11,,,,,,,,,,,,,,,,
송파구,오륜동,PC방,1,,,,,,,,,,,,,,,,
송파구,오금동,PC방,7,,,,,,,,,,,,,,,,
송파구,송파1동,PC방,6,,,,,,,,,,,,,,,,
송파구,송파2동,PC방,4,,,,,,,,,,,,,,,,
송파구,석촌동,PC방,7,,,,,,,,,,,,,,,,
송파구,삼전동,PC방,8,,,,,,,,,,,,,,,,
송파구,가락본동,PC방,10,,,,,,,,,,,,,,,,
송파구,가락1동,PC방,0,,,,,,,,,,,,,,,,
송파구,가락2동,PC방,9,,,,,,,,,,,,,,,,
송파구,문정1동,PC방,4,,,,,,,,,,,,,,,,
송파구,문정2동,PC방,4,,,,,,,,,,,,,,,,
송파구,장지동,PC방,6,,,,,,,,,,,,,,,,
송파구,위례동,PC방,1,,,,,,,,,,,,,,,,
송파구,잠실본동,PC방,21,,,,,,,,,,,,,,,,
송파구,잠실2동,PC방,0,,,,,,,,,,,,,,,,
송파구,잠실3동,PC방,0,,,,,,,,,,,,,,,,
송파구,잠실4동,PC방,0,,,,,,,,,,,,,,,,
송파구,잠실6동,PC방,1,,,,,,,,,,,,,,,,
송파구,잠실7동,PC방,0,,,,,,,,,,,,,,,,
강독구,강일동,PC방,4,,,,,,,,,,,,,,,,
강독구,상일동,PC방,5,,,,,,,,,,,,,,,,
강독구,명일1동,PC방,7,,,,,,,,,,,,,,,,
강독구,명일2동,PC방,11,,,,,,,,,,,,,,,,
강독구,고덕1동,PC방,1,,,,,,,,,,,,,,,,
강독구,고덕2동,PC방,2,,,,,,,,,,,,,,,,
강독구,암사1동,PC방,10,,,,,,,,,,,,,,,,
강독구,암사2동,PC방,3,,,,,,,,,,,,,,,,
강독구,암사3동,PC방,0,,,,,,,,,,,,,,,,
강독구,천호1동,PC방,7,,,,,,,,,,,,,,,,
강독구,천호2동,PC방,8,,,,,,,,,,,,,,,,
강독구,천호3동,PC방,5,,,,,,,,,,,,,,,,
강독구,성내1동,PC방,0,,,,,,,,,,,,,,,,
강독구,성내2동,PC방,11,,,,,,,,,,,,,,,,
강독구,성내3동,PC방,17,,,,,,,,,,,,,,,,
강독구,길동,PC방,12,,,,,,,,,,,,,,,,
강독구,둔촌1동,PC방,0,,,,,,,,,,,,,,,,
강독구,둔촌2동,PC방,6,,,,,,,,,,,,,,,,
종로구,청운효자동,편의점,12,,,,,,,,,,,,,,,,
종로구,사직동,편의점,30,,,,,,,,,,,,,,,,
종로구,삼청동,편의점,7,,,,,,,,,,,,,,,,
종로구,부암동,편의점,12,,,,,,,,,,,,,,,,
종로구,평창동,편의점,14,,,,,,,,,,,,,,,,
종로구,무악동,편의점,4,,,,,,,,,,,,,,,,
종로구,교남동,편의점,16,,,,,,,,,,,,,,,,
종로구,가회동,편의점,8,,,,,,,,,,,,,,,,
종로구,종로1.2.3.4가동,편의점,112,,,,,,,,,,,,,,,,
종로구,종로5.6가동,편의점,24,,,,,,,,,,,,,,,,
종로구,이화동,편의점,19,,,,,,,,,,,,,,,,
종로구,혜화동,편의점,32,,,,,,,,,,,,,,,,
종로구,창신1동,편의점,7,,,,,,,,,,,,,,,,
종로구,창신2동,편의점,4,,,,,,,,,,,,,,,,
종로구,창신3동,편의점,4,,,,,,,,,,,,,,,,
종로구,숭인1동,편의점,8,,,,,,,,,,,,,,,,
종로구,숭인2동,편의점,25,,,,,,,,,,,,,,,,
중구,소공동,편의점,53,,,,,,,,,,,,,,,,
중구,회현동,편의점,59,,,,,,,,,,,,,,,,
중구,명동,편의점,92,,,,,,,,,,,,,,,,
중구,필동,편의점,31,,,,,,,,,,,,,,,,
중구,장충동,편의점,17,,,,,,,,,,,,,,,,
중구,광희동,편의점,52,,,,,,,,,,,,,,,,
중구,을지로동,편의점,33,,,,,,,,,,,,,,,,
중구,신당동,편의점,34,,,,,,,,,,,,,,,,
중구,다산동,편의점,19,,,,,,,,,,,,,,,,
중구,약수동,편의점,12,,,,,,,,,,,,,,,,
중구,청구동,편의점,6,,,,,,,,,,,,,,,,
중구,신당5동,편의점,8,,,,,,,,,,,,,,,,
중구,동화동,편의점,10,,,,,,,,,,,,,,,,
중구,황학동,편의점,14,,,,,,,,,,,,,,,,
중구,중림동,편의점,13,,,,,,,,,,,,,,,,
용산구,후암동,편의점,19,,,,,,,,,,,,,,,,
용산구,용산2가동,편의점,19,,,,,,,,,,,,,,,,
용산구,남영동,편의점,32,,,,,,,,,,,,,,,,
용산구,청파동,편의점,27,,,,,,,,,,,,,,,,
용산구,원효로1동,편의점,19,,,,,,,,,,,,,,,,
용산구,원효로2동,편의점,15,,,,,,,,,,,,,,,,
용산구,효창동,편의점,9,,,,,,,,,,,,,,,,
용산구,용문동,편의점,9,,,,,,,,,,,,,,,,
용산구,한강로동,편의점,47,,,,,,,,,,,,,,,,
용산구,이촌1동,편의점,14,,,,,,,,,,,,,,,,
용산구,이촌2동,편의점,6,,,,,,,,,,,,,,,,
용산구,이태원1동,편의점,26,,,,,,,,,,,,,,,,
용산구,이태원2동,편의점,13,,,,,,,,,,,,,,,,
용산구,한남동,편의점,26,,,,,,,,,,,,,,,,
용산구,서빙고동,편의점,9,,,,,,,,,,,,,,,,
용산구,보광동,편의점,10,,,,,,,,,,,,,,,,
성동구,왕십리2동,편의점,10,,,,,,,,,,,,,,,,
성동구,왕십리도선동,편의점,24,,,,,,,,,,,,,,,,
성동구,마장동,편의점,19,,,,,,,,,,,,,,,,
성동구,사근동,편의점,37,,,,,,,,,,,,,,,,
성동구,행당1동,편의점,18,,,,,,,,,,,,,,,,
성동구,행당2동,편의점,7,,,,,,,,,,,,,,,,
성동구,응봉동,편의점,4,,,,,,,,,,,,,,,,
성동구,금호1가동,편의점,8,,,,,,,,,,,,,,,,
성동구,금호2.3가동,편의점,15,,,,,,,,,,,,,,,,
성동구,금호4가동,편의점,7,,,,,,,,,,,,,,,,
성동구,옥수동,편의점,12,,,,,,,,,,,,,,,,
성동구,성수1가1동,편의점,23,,,,,,,,,,,,,,,,
성동구,성수1가2동,편의점,31,,,,,,,,,,,,,,,,
성동구,성수2가1동,편의점,22,,,,,,,,,,,,,,,,
성동구,성수2가3동,편의점,58,,,,,,,,,,,,,,,,
성동구,송정동,편의점,8,,,,,,,,,,,,,,,,
성동구,용답동,편의점,16,,,,,,,,,,,,,,,,
광진구,화양동,편의점,60,,,,,,,,,,,,,,,,
광진구,군자동,편의점,29,,,,,,,,,,,,,,,,
광진구,중곡1동,편의점,15,,,,,,,,,,,,,,,,
광진구,중곡2동,편의점,27,,,,,,,,,,,,,,,,
광진구,중곡3동,편의점,16,,,,,,,,,,,,,,,,
광진구,중곡4동,편의점,20,,,,,,,,,,,,,,,,
광진구,능동,편의점,21,,,,,,,,,,,,,,,,
광진구,광장동,편의점,20,,,,,,,,,,,,,,,,
광진구,자양1동,편의점,21,,,,,,,,,,,,,,,,
광진구,자양2동,편의점,20,,,,,,,,,,,,,,,,
광진구,자양3동,편의점,27,,,,,,,,,,,,,,,,
광진구,자양4동,편의점,30,,,,,,,,,,,,,,,,
광진구,구의1동,편의점,29,,,,,,,,,,,,,,,,
광진구,구의2동,편의점,17,,,,,,,,,,,,,,,,
광진구,구의3동,편의점,32,,,,,,,,,,,,,,,,
동대문구,용신동,편의점,50,,,,,,,,,,,,,,,,
동대문구,제기동,편의점,32,,,,,,,,,,,,,,,,
동대문구,전농1동,편의점,29,,,,,,,,,,,,,,,,
동대문구,전농2동,편의점,16,,,,,,,,,,,,,,,,
동대문구,답십리1동,편의점,32,,,,,,,,,,,,,,,,
동대문구,답십리2동,편의점,16,,,,,,,,,,,,,,,,
동대문구,장안1동,편의점,56,,,,,,,,,,,,,,,,
동대문구,장안2동,편의점,37,,,,,,,,,,,,,,,,
동대문구,청량리동,편의점,17,,,,,,,,,,,,,,,,
동대문구,회기동,편의점,23,,,,,,,,,,,,,,,,
동대문구,휘경1동,편의점,18,,,,,,,,,,,,,,,,
동대문구,휘경2동,편의점,16,,,,,,,,,,,,,,,,
동대문구,이문1동,편의점,28,,,,,,,,,,,,,,,,
동대문구,이문2동,편의점,12,,,,,,,,,,,,,,,,
중랑구,면목2동,편의점,22,,,,,,,,,,,,,,,,
중랑구,면목4동,편의점,14,,,,,,,,,,,,,,,,
중랑구,면목5동,편의점,9,,,,,,,,,,,,,,,,
중랑구,면목본동,편의점,30,,,,,,,,,,,,,,,,
중랑구,면목7동,편의점,17,,,,,,,,,,,,,,,,
중랑구,면목3.8동,편의점,19,,,,,,,,,,,,,,,,
중랑구,상봉1동,편의점,14,,,,,,,,,,,,,,,,
중랑구,상봉2동,편의점,35,,,,,,,,,,,,,,,,
중랑구,중화1동,편의점,18,,,,,,,,,,,,,,,,
중랑구,중화2동,편의점,18,,,,,,,,,,,,,,,,
중랑구,묵1동,편의점,22,,,,,,,,,,,,,,,,
중랑구,묵2동,편의점,17,,,,,,,,,,,,,,,,
중랑구,망우본동,편의점,32,,,,,,,,,,,,,,,,
중랑구,망우3동,편의점,12,,,,,,,,,,,,,,,,
중랑구,신내1동,편의점,20,,,,,,,,,,,,,,,,
중랑구,신내2동,편의점,10,,,,,,,,,,,,,,,,
성북구,성북동,편의점,17,,,,,,,,,,,,,,,,
성북구,삼선동,편의점,32,,,,,,,,,,,,,,,,
성북구,동선동,편의점,36,,,,,,,,,,,,,,,,
성북구,돈암1동,편의점,7,,,,,,,,,,,,,,,,
성북구,돈암2동,편의점,6,,,,,,,,,,,,,,,,
성북구,안암동,편의점,45,,,,,,,,,,,,,,,,
성북구,보문동,편의점,16,,,,,,,,,,,,,,,,
성북구,정릉1동,편의점,14,,,,,,,,,,,,,,,,
성북구,정릉2동,편의점,18,,,,,,,,,,,,,,,,
성북구,정릉3동,편의점,15,,,,,,,,,,,,,,,,
성북구,정릉4동,편의점,18,,,,,,,,,,,,,,,,
성북구,길음1동,편의점,8,,,,,,,,,,,,,,,,
성북구,길음2동,편의점,8,,,,,,,,,,,,,,,,
성북구,종암동,편의점,27,,,,,,,,,,,,,,,,
성북구,월곡1동,편의점,13,,,,,,,,,,,,,,,,
성북구,월곡2동,편의점,24,,,,,,,,,,,,,,,,
성북구,장위1동,편의점,13,,,,,,,,,,,,,,,,
성북구,장위2동,편의점,9,,,,,,,,,,,,,,,,
성북구,장위3동,편의점,8,,,,,,,,,,,,,,,,
성북구,석관동,편의점,22,,,,,,,,,,,,,,,,
강북구,삼양동,편의점,13,,,,,,,,,,,,,,,,
강북구,미아동,편의점,31,,,,,,,,,,,,,,,,
강북구,송중동,편의점,29,,,,,,,,,,,,,,,,
강북구,송천동,편의점,22,,,,,,,,,,,,,,,,
강북구,삼각산동,편의점,9,,,,,,,,,,,,,,,,
강북구,번1동,편의점,30,,,,,,,,,,,,,,,,
강북구,번2동,편의점,8,,,,,,,,,,,,,,,,
강북구,번3동,편의점,11,,,,,,,,,,,,,,,,
강북구,수유1동,편의점,23,,,,,,,,,,,,,,,,
강북구,수유2동,편의점,17,,,,,,,,,,,,,,,,
강북구,수유3동,편의점,34,,,,,,,,,,,,,,,,
강북구,우이동,편의점,18,,,,,,,,,,,,,,,,
강북구,인수동,편의점,27,,,,,,,,,,,,,,,,
도봉구,창1동,편의점,13,,,,,,,,,,,,,,,,
도봉구,창2동,편의점,21,,,,,,,,,,,,,,,,
도봉구,창3동,편의점,13,,,,,,,,,,,,,,,,
도봉구,창4동,편의점,19,,,,,,,,,,,,,,,,
도봉구,창5동,편의점,20,,,,,,,,,,,,,,,,
도봉구,도봉1동,편의점,23,,,,,,,,,,,,,,,,
도봉구,도봉2동,편의점,14,,,,,,,,,,,,,,,,
도봉구,쌍문1동,편의점,18,,,,,,,,,,,,,,,,
도봉구,쌍문2동,편의점,14,,,,,,,,,,,,,,,,
도봉구,쌍문3동,편의점,15,,,,,,,,,,,,,,,,
도봉구,쌍문4동,편의점,13,,,,,,,,,,,,,,,,
도봉구,방학1동,편의점,25,,,,,,,,,,,,,,,,
도봉구,방학2동,편의점,17,,,,,,,,,,,,,,,,
도봉구,방학3동,편의점,12,,,,,,,,,,,,,,,,
노원구,월계1동,편의점,33,,,,,,,,,,,,,,,,
노원구,월계2동,편의점,18,,,,,,,,,,,,,,,,
노원구,월계3동,편의점,10,,,,,,,,,,,,,,,,
노원구,공릉1동,편의점,45,,,,,,,,,,,,,,,,
노원구,공릉2동,편의점,36,,,,,,,,,,,,,,,,
노원구,하계1동,편의점,20,,,,,,,,,,,,,,,,
노원구,하계2동,편의점,6,,,,,,,,,,,,,,,,
노원구,중계본동,편의점,15,,,,,,,,,,,,,,,,
노원구,중계1동,편의점,15,,,,,,,,,,,,,,,,
노원구,중계4동,편의점,12,,,,,,,,,,,,,,,,
노원구,중계2.3동,편의점,10,,,,,,,,,,,,,,,,
노원구,상계1동,편의점,26,,,,,,,,,,,,,,,,
노원구,상계2동,편의점,31,,,,,,,,,,,,,,,,
노원구,상계3.4동,편의점,17,,,,,,,,,,,,,,,,
노원구,상계5동,편의점,17,,,,,,,,,,,,,,,,
노원구,상계6.7동,편의점,28,,,,,,,,,,,,,,,,
노원구,상계8동,편의점,5,,,,,,,,,,,,,,,,
노원구,상계9동,편의점,10,,,,,,,,,,,,,,,,
노원구,상계10동,편의점,6,,,,,,,,,,,,,,,,
은평구,녹번동,편의점,31,,,,,,,,,,,,,,,,
은평구,불광1동,편의점,14,,,,,,,,,,,,,,,,
은평구,불광2동,편의점,29,,,,,,,,,,,,,,,,
은평구,갈현1동,편의점,23,,,,,,,,,,,,,,,,
은평구,갈현2동,편의점,32,,,,,,,,,,,,,,,,
은평구,구산동,편의점,25,,,,,,,,,,,,,,,,
은평구,대조동,편의점,37,,,,,,,,,,,,,,,,
은평구,응암1동,편의점,27,,,,,,,,,,,,,,,,
은평구,응암2동,편의점,6,,,,,,,,,,,,,,,,
은평구,응암3동,편의점,34,,,,,,,,,,,,,,,,
은평구,역촌동,편의점,42,,,,,,,,,,,,,,,,
은평구,신사1동,편의점,21,,,,,,,,,,,,,,,,
은평구,신사2동,편의점,11,,,,,,,,,,,,,,,,
은평구,증산동,편의점,12,,,,,,,,,,,,,,,,
은평구,수색동,편의점,1,,,,,,,,,,,,,,,,
은평구,진관동,편의점,38,,,,,,,,,,,,,,,,
서대문구,천연동,편의점,13,,,,,,,,,,,,,,,,
서대문구,북아현동,편의점,9,,,,,,,,,,,,,,,,
서대문구,충현동,편의점,32,,,,,,,,,,,,,,,,
서대문구,신촌동,편의점,86,,,,,,,,,,,,,,,,
서대문구,연희동,편의점,44,,,,,,,,,,,,,,,,
서대문구,홍제1동,편의점,17,,,,,,,,,,,,,,,,
서대문구,홍제3동,편의점,13,,,,,,,,,,,,,,,,
서대문구,홍제2동,편의점,6,,,,,,,,,,,,,,,,
서대문구,홍은1동,편의점,13,,,,,,,,,,,,,,,,
서대문구,홍은2동,편의점,25,,,,,,,,,,,,,,,,
서대문구,남가좌1동,편의점,10,,,,,,,,,,,,,,,,
서대문구,남가좌2동,편의점,23,,,,,,,,,,,,,,,,
서대문구,북가좌1동,편의점,11,,,,,,,,,,,,,,,,
서대문구,북가좌2동,편의점,31,,,,,,,,,,,,,,,,
마포구,아현동,편의점,26,,,,,,,,,,,,,,,,
마포구,공덕동,편의점,28,,,,,,,,,,,,,,,,
마포구,도화동,편의점,24,,,,,,,,,,,,,,,,
마포구,용강동,편의점,28,,,,,,,,,,,,,,,,
마포구,대흥동,편의점,41,,,,,,,,,,,,,,,,
마포구,염리동,편의점,9,,,,,,,,,,,,,,,,
마포구,신수동,편의점,17,,,,,,,,,,,,,,,,
마포구,서강동,편의점,34,,,,,,,,,,,,,,,,
마포구,서교동,편의점,121,,,,,,,,,,,,,,,,
마포구,합정동,편의점,28,,,,,,,,,,,,,,,,
마포구,망원1동,편의점,26,,,,,,,,,,,,,,,,
마포구,망원2동,편의점,18,,,,,,,,,,,,,,,,
마포구,연남동,편의점,25,,,,,,,,,,,,,,,,
마포구,성산1동,편의점,29,,,,,,,,,,,,,,,,
마포구,성산2동,편의점,35,,,,,,,,,,,,,,,,
마포구,상암동,편의점,48,,,,,,,,,,,,,,,,
양천구,목1동,편의점,34,,,,,,,,,,,,,,,,
양천구,목2동,편의점,27,,,,,,,,,,,,,,,,
양천구,목3동,편의점,18,,,,,,,,,,,,,,,,
양천구,목4동,편의점,19,,,,,,,,,,,,,,,,
양천구,목5동,편의점,20,,,,,,,,,,,,,,,,
양천구,신월1동,편의점,14,,,,,,,,,,,,,,,,
양천구,신월2동,편의점,12,,,,,,,,,,,,,,,,
양천구,신월3동,편의점,13,,,,,,,,,,,,,,,,
양천구,신월4동,편의점,17,,,,,,,,,,,,,,,,
양천구,신월5동,편의점,19,,,,,,,,,,,,,,,,
양천구,신월6동,편의점,10,,,,,,,,,,,,,,,,
양천구,신월7동,편의점,15,,,,,,,,,,,,,,,,
양천구,신정1동,편의점,10,,,,,,,,,,,,,,,,
양천구,신정2동,편의점,12,,,,,,,,,,,,,,,,
양천구,신정3동,편의점,19,,,,,,,,,,,,,,,,
양천구,신정4동,편의점,40,,,,,,,,,,,,,,,,
양천구,신정6동,편의점,13,,,,,,,,,,,,,,,,
양천구,신정7동,편의점,9,,,,,,,,,,,,,,,,
강서구,염창동,편의점,31,,,,,,,,,,,,,,,,
강서구,등촌1동,편의점,36,,,,,,,,,,,,,,,,
강서구,등촌2동,편의점,10,,,,,,,,,,,,,,,,
강서구,등촌3동,편의점,27,,,,,,,,,,,,,,,,
강서구,화곡1동,편의점,58,,,,,,,,,,,,,,,,
강서구,화곡2동,편의점,13,,,,,,,,,,,,,,,,
강서구,화곡3동,편의점,16,,,,,,,,,,,,,,,,
강서구,화곡4동,편의점,17,,,,,,,,,,,,,,,,
강서구,화곡본동,편의점,28,,,,,,,,,,,,,,,,
강서구,화곡6동,편의점,32,,,,,,,,,,,,,,,,
강서구,화곡8동,편의점,15,,,,,,,,,,,,,,,,
강서구,가양1동,편의점,87,,,,,,,,,,,,,,,,
강서구,가양2동,편의점,6,,,,,,,,,,,,,,,,
강서구,가양3동,편의점,7,,,,,,,,,,,,,,,,
강서구,발산1동,편의점,42,,,,,,,,,,,,,,,,
강서구,우장산동,편의점,24,,,,,,,,,,,,,,,,
강서구,공항동,편의점,46,,,,,,,,,,,,,,,,
강서구,방화1동,편의점,34,,,,,,,,,,,,,,,,
강서구,방화2동,편의점,26,,,,,,,,,,,,,,,,
강서구,방화3동,편의점,19,,,,,,,,,,,,,,,,
구로구,신도림동,편의점,36,,,,,,,,,,,,,,,,
구로구,구로1동,편의점,12,,,,,,,,,,,,,,,,
구로구,구로2동,편의점,30,,,,,,,,,,,,,,,,
구로구,구로3동,편의점,67,,,,,,,,,,,,,,,,
구로구,구로4동,편의점,19,,,,,,,,,,,,,,,,
구로구,구로5동,편의점,31,,,,,,,,,,,,,,,,
구로구,가리봉동,편의점,14,,,,,,,,,,,,,,,,
구로구,고척1동,편의점,15,,,,,,,,,,,,,,,,
구로구,고척2동,편의점,25,,,,,,,,,,,,,,,,
구로구,개봉1동,편의점,24,,,,,,,,,,,,,,,,
구로구,개봉2동,편의점,13,,,,,,,,,,,,,,,,
구로구,개봉3동,편의점,9,,,,,,,,,,,,,,,,
구로구,오류1동,편의점,25,,,,,,,,,,,,,,,,
구로구,오류2동,편의점,34,,,,,,,,,,,,,,,,
구로구,수궁동,편의점,21,,,,,,,,,,,,,,,,
금천구,가산동,편의점,127,,,,,,,,,,,,,,,,
금천구,독산1동,편의점,44,,,,,,,,,,,,,,,,
금천구,독산2동,편의점,16,,,,,,,,,,,,,,,,
금천구,독산3동,편의점,25,,,,,,,,,,,,,,,,
금천구,독산4동,편의점,13,,,,,,,,,,,,,,,,
금천구,시흥1동,편의점,41,,,,,,,,,,,,,,,,
금천구,시흥2동,편의점,3,,,,,,,,,,,,,,,,
금천구,시흥3동,편의점,9,,,,,,,,,,,,,,,,
금천구,시흥4동,편의점,11,,,,,,,,,,,,,,,,
금천구,시흥5동,편의점,16,,,,,,,,,,,,,,,,
영등포구,영등포본동,편의점,21,,,,,,,,,,,,,,,,
영등포구,영등포동,편의점,67,,,,,,,,,,,,,,,,
영등포구,여의동,편의점,109,,,,,,,,,,,,,,,,
영등포구,당산1동,편의점,39,,,,,,,,,,,,,,,,
영등포구,당산2동,편의점,44,,,,,,,,,,,,,,,,
영등포구,도림동,편의점,12,,,,,,,,,,,,,,,,
영등포구,문래동,편의점,45,,,,,,,,,,,,,,,,
영등포구,양평1동,편의점,22,,,,,,,,,,,,,,,,
영등포구,양평2동,편의점,37,,,,,,,,,,,,,,,,
영등포구,신길1동,편의점,18,,,,,,,,,,,,,,,,
영등포구,신길3동,편의점,11,,,,,,,,,,,,,,,,
영등포구,신길4동,편의점,6,,,,,,,,,,,,,,,,
영등포구,신길5동,편의점,8,,,,,,,,,,,,,,,,
영등포구,신길6동,편의점,14,,,,,,,,,,,,,,,,
영등포구,신길7동,편의점,17,,,,,,,,,,,,,,,,
영등포구,대림1동,편의점,14,,,,,,,,,,,,,,,,
영등포구,대림2동,편의점,21,,,,,,,,,,,,,,,,
영등포구,대림3동,편의점,31,,,,,,,,,,,,,,,,
동작구,노량진1동,편의점,40,,,,,,,,,,,,,,,,
동작구,노량진2동,편의점,18,,,,,,,,,,,,,,,,
동작구,상도1동,편의점,48,,,,,,,,,,,,,,,,
동작구,상도2동,편의점,16,,,,,,,,,,,,,,,,
동작구,상도3동,편의점,13,,,,,,,,,,,,,,,,
동작구,상도4동,편의점,15,,,,,,,,,,,,,,,,
동작구,흑석동,편의점,27,,,,,,,,,,,,,,,,
동작구,사당1동,편의점,26,,,,,,,,,,,,,,,,
동작구,사당2동,편의점,27,,,,,,,,,,,,,,,,
동작구,사당3동,편의점,13,,,,,,,,,,,,,,,,
동작구,사당4동,편의점,8,,,,,,,,,,,,,,,,
동작구,사당5동,편의점,11,,,,,,,,,,,,,,,,
동작구,대방동,편의점,35,,,,,,,,,,,,,,,,
동작구,신대방1동,편의점,11,,,,,,,,,,,,,,,,
동작구,신대방2동,편의점,30,,,,,,,,,,,,,,,,
관악구,보라매동,편의점,18,,,,,,,,,,,,,,,,
관악구,청림동,편의점,7,,,,,,,,,,,,,,,,
관악구,성현동,편의점,9,,,,,,,,,,,,,,,,
관악구,행운동,편의점,31,,,,,,,,,,,,,,,,
관악구,낙성대동,편의점,26,,,,,,,,,,,,,,,,
관악구,청룡동,편의점,43,,,,,,,,,,,,,,,,
관악구,은천동,편의점,23,,,,,,,,,,,,,,,,
관악구,중앙동,편의점,20,,,,,,,,,,,,,,,,
관악구,인헌동,편의점,22,,,,,,,,,,,,,,,,
관악구,남현동,편의점,19,,,,,,,,,,,,,,,,
관악구,서원동,편의점,29,,,,,,,,,,,,,,,,
관악구,신원동,편의점,10,,,,,,,,,,,,,,,,
관악구,서림동,편의점,22,,,,,,,,,,,,,,,,
관악구,신사동,편의점,24,,,,,,,,,,,,,,,,
관악구,신림동,편의점,36,,,,,,,,,,,,,,,,
관악구,난향동,편의점,3,,,,,,,,,,,,,,,,
관악구,조원동,편의점,24,,,,,,,,,,,,,,,,
관악구,대학동,편의점,40,,,,,,,,,,,,,,,,
관악구,삼성동,편의점,9,,,,,,,,,,,,,,,,
관악구,미성동,편의점,22,,,,,,,,,,,,,,,,
관악구,난곡동,편의점,19,,,,,,,,,,,,,,,,
서초구,서초1동,편의점,35,,,,,,,,,,,,,,,,
서초구,서초2동,편의점,43,,,,,,,,,,,,,,,,
서초구,서초3동,편의점,77,,,,,,,,,,,,,,,,
서초구,서초4동,편의점,36,,,,,,,,,,,,,,,,
서초구,잠원동,편의점,27,,,,,,,,,,,,,,,,
서초구,반포본동,편의점,7,,,,,,,,,,,,,,,,
서초구,반포1동,편의점,27,,,,,,,,,,,,,,,,
서초구,반포2동,편의점,7,,,,,,,,,,,,,,,,
서초구,반포3동,편의점,10,,,,,,,,,,,,,,,,
서초구,반포4동,편의점,46,,,,,,,,,,,,,,,,
서초구,방배본동,편의점,19,,,,,,,,,,,,,,,,
서초구,방배1동,편의점,21,,,,,,,,,,,,,,,,
서초구,방배2동,편의점,25,,,,,,,,,,,,,,,,
서초구,방배3동,편의점,18,,,,,,,,,,,,,,,,
서초구,방배4동,편의점,22,,,,,,,,,,,,,,,,
서초구,양재1동,편의점,44,,,,,,,,,,,,,,,,
서초구,양재2동,편의점,44,,,,,,,,,,,,,,,,
서초구,내곡동,편의점,11,,,,,,,,,,,,,,,,
강남구,신사동,편의점,41,,,,,,,,,,,,,,,,
강남구,논현1동,편의점,76,,,,,,,,,,,,,,,,
강남구,논현2동,편의점,72,,,,,,,,,,,,,,,,
강남구,압구정동,편의점,55,,,,,,,,,,,,,,,,
강남구,청담동,편의점,54,,,,,,,,,,,,,,,,
강남구,삼성1동,편의점,57,,,,,,,,,,,,,,,,
강남구,삼성2동,편의점,52,,,,,,,,,,,,,,,,
강남구,대치1동,편의점,21,,,,,,,,,,,,,,,,
강남구,대치2동,편의점,47,,,,,,,,,,,,,,,,
강남구,대치4동,편의점,62,,,,,,,,,,,,,,,,
강남구,역삼1동,편의점,189,,,,,,,,,,,,,,,,
강남구,역삼2동,편의점,54,,,,,,,,,,,,,,,,
강남구,도곡1동,편의점,24,,,,,,,,,,,,,,,,
강남구,도곡2동,편의점,24,,,,,,,,,,,,,,,,
강남구,개포1동,편의점,2,,,,,,,,,,,,,,,,
강남구,개포2동,편의점,9,,,,,,,,,,,,,,,,
강남구,개포4동,편의점,27,,,,,,,,,,,,,,,,
강남구,세곡동,편의점,22,,,,,,,,,,,,,,,,
강남구,일원본동,편의점,12,,,,,,,,,,,,,,,,
강남구,일원1동,편의점,12,,,,,,,,,,,,,,,,
강남구,일원2동,편의점,8,,,,,,,,,,,,,,,,
강남구,수서동,편의점,18,,,,,,,,,,,,,,,,
송파구,풍납1동,편의점,8,,,,,,,,,,,,,,,,
송파구,풍납2동,편의점,20,,,,,,,,,,,,,,,,
송파구,거여1동,편의점,12,,,,,,,,,,,,,,,,
송파구,거여2동,편의점,11,,,,,,,,,,,,,,,,
송파구,마천1동,편의점,14,,,,,,,,,,,,,,,,
송파구,마천2동,편의점,11,,,,,,,,,,,,,,,,
송파구,방이1동,편의점,20,,,,,,,,,,,,,,,,
송파구,방이2동,편의점,39,,,,,,,,,,,,,,,,
송파구,오륜동,편의점,15,,,,,,,,,,,,,,,,
송파구,오금동,편의점,44,,,,,,,,,,,,,,,,
송파구,송파1동,편의점,27,,,,,,,,,,,,,,,,
송파구,송파2동,편의점,16,,,,,,,,,,,,,,,,
송파구,석촌동,편의점,47,,,,,,,,,,,,,,,,
송파구,삼전동,편의점,36,,,,,,,,,,,,,,,,
송파구,가락본동,편의점,39,,,,,,,,,,,,,,,,
송파구,가락1동,편의점,11,,,,,,,,,,,,,,,,
송파구,가락2동,편의점,21,,,,,,,,,,,,,,,,
송파구,문정1동,편의점,13,,,,,,,,,,,,,,,,
송파구,문정2동,편의점,66,,,,,,,,,,,,,,,,
송파구,장지동,편의점,20,,,,,,,,,,,,,,,,
송파구,위례동,편의점,16,,,,,,,,,,,,,,,,
송파구,잠실본동,편의점,56,,,,,,,,,,,,,,,,
송파구,잠실2동,편의점,24,,,,,,,,,,,,,,,,
송파구,잠실3동,편의점,19,,,,,,,,,,,,,,,,
송파구,잠실4동,편의점,6,,,,,,,,,,,,,,,,
송파구,잠실6동,편의점,24,,,,,,,,,,,,,,,,
송파구,잠실7동,편의점,2,,,,,,,,,,,,,,,,
강동구,강일동,편의점,25,,,,,,,,,,,,,,,,
강동구,상일동,편의점,15,,,,,,,,,,,,,,,,
강동구,명일1동,편의점,17,,,,,,,,,,,,,,,,
강동구,명일2동,편의점,17,,,,,,,,,,,,,,,,
강동구,고덕1동,편의점,8,,,,,,,,,,,,,,,,
강동구,고덕2동,편의점,8,,,,,,,,,,,,,,,,
강동구,암사1동,편의점,31,,,,,,,,,,,,,,,,
강동구,암사2동,편의점,11,,,,,,,,,,,,,,,,
강동구,암사3동,편의점,7,,,,,,,,,,,,,,,,
강동구,천호1동,편의점,23,,,,,,,,,,,,,,,,
강동구,천호2동,편의점,51,,,,,,,,,,,,,,,,
강동구,천호3동,편의점,26,,,,,,,,,,,,,,,,
강동구,성내1동,편의점,22,,,,,,,,,,,,,,,,
강동구,성내2동,편의점,27,,,,,,,,,,,,,,,,
강동구,성내3동,편의점,32,,,,,,,,,,,,,,,,
강동구,길동,편의점,60,,,,,,,,,,,,,,,,
강동구,둔촌1동,편의점,5,,,,,,,,,,,,,,,,
강동구,둔촌2동,편의점,20,,,,,,,,,,,,,,,,
